source_file,analysis_scope,engine,gene_set_mode,gene_set_name,chip,group,comparison,filter_regime,condition,matrix_key,n_samples,n_features,q,mp_lambda_minus,mp_lambda_plus,largest_eigenvalue,largest_eigenvalue_fraction,n_spikes,spike_fraction,excess_spectral_mass,spectral_entropy,participation_ratio,status
mp_spectral_results.rds,whole_filtered_chip,mp_spectral,FULL,FULL,hu35ksuba,carcinomas,BLAD/TCC,limma,normal,m_Bladder.normal,7,3259,465.57142857142856,423.4172200363886,509.72563710646847,1550.6658757369596,0.4758103331503355,2,6.13685179502915e-4,1049.1404035865978,1.492371414147164,3.4450002736242182,ok
mp_spectral_results.rds,whole_filtered_chip,mp_spectral,FULL,FULL,hu35ksuba,carcinomas,BLAD/TCC,limma,tumor,m_Bladder.bladder.transitional.cell.carcinoma,11,3259,296.27272727272725,262.84757790353916,331.69787664191523,946.7920877164172,0.290516136151093,3,9.205277692543725e-4,864.0537316934256,2.08483389289881,6.540013510351567,ok
mp_spectral_results.rds,whole_filtered_chip,mp_spectral,FULL,FULL,hu35ksuba,carcinomas,BR/BRAD,limma,normal,m_Breast.normal,5,382,76.4,59.91858129327028,94.88141870672973,271.5308194665357,0.7108136635249587,1,0.002617801047120419,176.64940075980599,0.8995408092327204,1.8632659056148333,ok
mp_spectral_results.rds,whole_filtered_chip,mp_spectral,FULL,FULL,hu35ksuba,carcinomas,BR/BRAD,limma,tumor,m_Breast.breast.adenocarcinoma,11,382,34.72727272727273,23.9413026395332,47.513242815012255,126.52024842533896,0.33120483880978713,3,0.007853403141361256,103.12212590581322,1.9846972745683997,5.552258813584987,ok
mp_spectral_results.rds,whole_filtered_chip,mp_spectral,FULL,FULL,hu35ksuba,carcinomas,COL/COADREAD,limma,normal,m_Colon.normal,11,1129,102.63636363636364,83.37444234184038,123.89828493088687,341.576110606826,0.30254748503704576,3,0.002657218777679362,309.26254915446236,2.0414504623388536,6.1444386926164105,ok
mp_spectral_results.rds,whole_filtered_chip,mp_spectral,FULL,FULL,hu35ksuba,carcinomas,COL/COADREAD,limma,tumor,m_Colon.colorectal.adenocarcinoma,11,1129,102.63636363636364,83.37444234184038,123.89828493088687,430.3963309732834,0.3812190708355016,2,0.001771479185119575,310.6724584490991,1.981355812715376,5.157325879072116,ok
mp_spectral_results.rds,whole_filtered_chip,mp_spectral,FULL,FULL,hu35ksuba,carcinomas,KID/RCC,limma,normal,m_Kidney.normal,12,330,27.5,18.011911518298483,38.98808848170152,76.0056433592658,0.23032013139171437,3,0.00909090909090909,73.087286114639,2.1461236345130708,7.092744930486877,ok
mp_spectral_results.rds,whole_filtered_chip,mp_spectral,FULL,FULL,hu35ksuba,carcinomas,KID/RCC,limma,tumor,m_Kidney.renal.cell.carcinoma,11,330,30,20.04554884989668,41.954451150103324,71.12615701330435,0.215533809131225,4,0.012121212121212121,57.418981667667445,2.113096897567315,7.226046402128847,ok
mp_spectral_results.rds,whole_filtered_chip,mp_spectral,FULL,FULL,hu35ksuba,carcinomas,OV/OVAD,limma,normal,m_Ovary.normal,4,180,NA,NA,NA,NA,NA,NA,NA,NA,NA,NA,skipped_insufficient_samples
mp_spectral_results.rds,whole_filtered_chip,mp_spectral,FULL,FULL,hu35ksuba,carcinomas,OV/OVAD,limma,tumor,m_Ovary.ovarian.adenocarcinoma,11,180,16.363636363636363,9.273238014077458,25.454034713195266,54.38898986736777,0.3021610548187095,2,0.011111111111111112,29.366888195148626,2.046511504264424,6.221257058006908,ok
mp_spectral_results.rds,whole_filtered_chip,mp_spectral,FULL,FULL,hu35ksuba,carcinomas,PA/PAAD,limma,normal,m_Pancreas.normal,10,221,22.1,13.697872581165472,32.502127418834526,65.32905845351546,0.2956065993371737,2,0.00904977375565611,41.073549889533396,1.9628337523460726,5.917156399522847,ok
mp_spectral_results.rds,whole_filtered_chip,mp_spectral,FULL,FULL,hu35ksuba,carcinomas,PA/PAAD,limma,tumor,m_Pancreas.pancreatic.adenocarcinoma,10,221,22.1,13.697872581165472,32.502127418834526,148.79813309139854,0.6732947198705798,1,0.004524886877828055,116.29600567256401,1.2773586695170185,2.1299588325541796,ok
mp_spectral_results.rds,whole_filtered_chip,mp_spectral,FULL,FULL,hu35ksuba,carcinomas,UT/EAC,limma,normal,m_Uterus.normal,6,386,64.33333333333333,49.29172077931204,81.3749458873546,189.61791064840983,0.49123811048810717,1,0.0025906735751295338,108.24296476105523,1.361168068005048,3.1668957377364118,ok
mp_spectral_results.rds,whole_filtered_chip,mp_spectral,FULL,FULL,hu35ksuba,carcinomas,UT/EAC,limma,tumor,m_Uterus.uterine.adenocarcinoma,10,386,38.6,27.174220346392747,52.02577965360726,100.19335446790106,0.2595682758235772,2,0.0051813471502590676,63.93414106575413,2.0240624450239255,6.5604603388669345,ok
mp_spectral_results.rds,whole_filtered_chip,mp_spectral,FULL,FULL,hu35ksuba,blastomas,Brain/GBM,limma,normal,m_Brain.normal,8,848,106,86.40873971802601,127.59126028197402,273.2853441777919,0.3222704530398474,3,0.003537735849056604,214.5719684971469,1.7465193546143443,4.911600291685407,ok
mp_spectral_results.rds,whole_filtered_chip,mp_spectral,FULL,FULL,hu35ksuba,blastomas,Brain/GBM,limma,tumor,m_Brain.glioblastoma,10,848,84.8,67.38261690684584,104.21738309315413,205.0341780719782,0.24178558734903036,3,0.003537735849056604,147.1270505224434,2.07173698998502,7.049162806000602,ok
mp_spectral_results.rds,whole_filtered_chip,mp_spectral,FULL,FULL,hu35ksuba,blastomas,Brain/MB,limma,normal,m_Brain.normal,8,828,103.5,84.15301005062419,124.8469899493758,283.7660941728942,0.3427126741218516,3,0.0036231884057971015,252.9985695371274,1.684368053111921,4.535418531273443,ok
mp_spectral_results.rds,whole_filtered_chip,mp_spectral,FULL,FULL,hu35ksuba,blastomas,Brain/MB,limma,tumor,m_Brain.medulloblastoma,10,828,82.8,65.60109893427628,101.99890106572371,232.22512525099015,0.2804651271147217,3,0.0036231884057971015,200.16019285599123,1.9819883223757744,6.089858807522521,ok
mp_spectral_results.rds,whole_filtered_chip,mp_spectral,FULL,FULL,hu35ksuba,lymphomas,GC/FL,limma,normal,m_Lymphoid.Tissue.normal,6,1953,325.5,290.41676289466255,362.58323710533745,1254.7404335411334,0.6424682199391311,1,5.120327700972862e-4,892.1571964357959,1.1388814778784986,2.2406168141311693,ok
mp_spectral_results.rds,whole_filtered_chip,mp_spectral,FULL,FULL,hu35ksuba,lymphomas,GC/FL,limma,tumor,m_Lymphoid.Tissue.Follicular.lymphoma,11,1953,177.54545454545453,151.89621781751393,205.1946912733951,541.653376910957,0.27734427901226516,4,0.002048131080389145,457.22775272634885,2.106084969146582,6.814036104720707,ok
mp_spectral_results.rds,whole_filtered_chip,mp_spectral,FULL,FULL,hu35ksuba,lymphomas,GC/LBCL,limma,normal,m_Lymphoid.Tissue.normal,6,1243,207.16666666666666,179.38009572348787,236.9532376098455,785.0786903972752,0.6315999118240286,1,8.045052292839903e-4,548.1254527874297,1.1592528228968955,2.300587378541912,ok
mp_spectral_results.rds,whole_filtered_chip,mp_spectral,FULL,FULL,hu35ksuba,lymphomas,GC/LBCL,limma,tumor,m_Lymphoid.Tissue.large.B.cell.lymphoma,11,1243,113,92.73970837453071,135.2602916254693,317.9519648321502,0.2557940183685834,3,0.002413515687851971,229.21809204386145,2.155957221735136,7.405888448245165,ok
mp_spectral_results.rds,whole_filtered_chip,mp_spectral,FULL,FULL,hu35ksuba,leukemias,PB/B-ALL,limma,normal,m_Blood.normal,5,1353,270.6,238.70015197603496,304.49984802396517,713.5627415808272,0.5273930092984637,1,7.390983000739098e-4,409.062893556862,1.1909763121965138,2.7844309976980623,ok
mp_spectral_results.rds,whole_filtered_chip,mp_spectral,FULL,FULL,hu35ksuba,leukemias,PB/B-ALL,limma,tumor,m_Bone.Marrow.B.cell.ALL,10,1353,135.3,113.03629436224745,159.56370563775255,333.02511351743283,0.24613829528265463,3,0.0022172949002217295,245.44941207041546,2.071830561861504,7.067328208057537,ok
mp_spectral_results.rds,whole_filtered_chip,mp_spectral,FULL,FULL,hu35ksuba,leukemias,PB/T-ALL,limma,normal,m_Blood.normal,5,1600,320,285.2229123600034,356.7770876399967,846.3342879077677,0.5289589299423505,2,0.00125,489.9011585998643,1.1884472456639272,2.773972422462982,ok
mp_spectral_results.rds,whole_filtered_chip,mp_spectral,FULL,FULL,hu35ksuba,leukemias,PB/T-ALL,limma,tumor,m_Bone.Marrow.T.cell.ALL,10,1600,160,135.70177871865297,186.29822128134705,442.3149723450165,0.27644685771563443,3,0.001875,342.60361918491265,2.040867351810752,6.579049886992919,ok
mp_spectral_results.rds,whole_filtered_chip,mp_spectral,FULL,FULL,hu35ksuba,carcinomas,BLAD/TCC,variance_comparison,normal,m_Bladder.normal,7,3000,428.57142857142856,388.16749501088736,470.97536213196986,1315.844231802915,0.43861474393430094,2,6.666666666666666e-4,972.7502785655553,1.516305673169757,3.6791334539682303,ok
mp_spectral_results.rds,whole_filtered_chip,mp_spectral,FULL,FULL,hu35ksuba,carcinomas,BLAD/TCC,variance_comparison,tumor,m_Bladder.bladder.transitional.cell.carcinoma,11,3000,272.72727272727275,240.69835977348197,306.75618568106364,882.936742993575,0.2943122476645232,4,0.0013333333333333333,882.8684250008258,2.0482154823295673,6.251947635215599,ok
mp_spectral_results.rds,whole_filtered_chip,mp_spectral,FULL,FULL,hu35ksuba,carcinomas,BR/BRAD,variance_comparison,normal,m_Breast.normal,5,3000,600,552.0102051443364,649.9897948556635,1991.2306405137383,0.6637435468379037,1,3.333333333333333e-4,1341.2408456580747,0.9587913395591191,2.0450140964543055,ok
mp_spectral_results.rds,whole_filtered_chip,mp_spectral,FULL,FULL,hu35ksuba,carcinomas,BR/BRAD,variance_comparison,tumor,m_Breast.breast.adenocarcinoma,11,3000,272.72727272727275,240.69835977348197,306.75618568106364,944.0922192414664,0.31469740641382016,3,0.001,1050.8307031156044,1.961883064579153,5.486976937198598,ok
mp_spectral_results.rds,whole_filtered_chip,mp_spectral,FULL,FULL,hu35ksuba,carcinomas,COL/COADREAD,variance_comparison,normal,m_Colon.normal,11,3000,272.72727272727275,240.69835977348197,306.75618568106364,1279.3831526802878,0.42646105089342573,3,0.001,1214.559206152755,1.813051788610441,4.226004859265189,ok
mp_spectral_results.rds,whole_filtered_chip,mp_spectral,FULL,FULL,hu35ksuba,carcinomas,COL/COADREAD,variance_comparison,tumor,m_Colon.colorectal.adenocarcinoma,11,3000,272.72727272727275,240.69835977348197,306.75618568106364,1258.5764082773464,0.4195254694257794,3,0.001,1050.1872643158556,1.8904696990945673,4.495294118933957,ok
mp_spectral_results.rds,whole_filtered_chip,mp_spectral,FULL,FULL,hu35ksuba,carcinomas,KID/RCC,variance_comparison,normal,m_Kidney.normal,12,3000,250,219.3772233983162,282.6227766016838,1171.2809220689892,0.39042697402299487,3,0.001,1152.8004771270012,1.9334486074383799,4.783212772961443,ok
mp_spectral_results.rds,whole_filtered_chip,mp_spectral,FULL,FULL,hu35ksuba,carcinomas,KID/RCC,variance_comparison,tumor,m_Kidney.renal.cell.carcinoma,11,3000,272.72727272727275,240.69835977348197,306.75618568106364,939.1757073345498,0.3130585691115142,4,0.0013333333333333333,1122.1970198918675,1.917836287156464,5.325266361478635,ok
mp_spectral_results.rds,whole_filtered_chip,mp_spectral,FULL,FULL,hu35ksuba,carcinomas,LU/LUAD,variance_comparison,normal,m_Lung.normal,7,3000,428.57142857142856,388.16749501088736,470.97536213196986,1888.4432340212752,0.6294810780070876,1,3.333333333333333e-4,1417.4678718893053,1.1953285656718196,2.307469414588497,ok
mp_spectral_results.rds,whole_filtered_chip,mp_spectral,FULL,FULL,hu35ksuba,carcinomas,LU/LUAD,variance_comparison,tumor,m_Lung.lung.adenocarcinoma,11,3000,272.72727272727275,240.69835977348197,306.75618568106364,1327.2214897943845,0.4424071632647916,2,6.666666666666666e-4,1139.9522759308313,1.8069456888347757,4.0974330575315046,ok
mp_spectral_results.rds,whole_filtered_chip,mp_spectral,FULL,FULL,hu35ksuba,carcinomas,OV/OVAD,variance_comparison,normal,m_Ovary.normal,4,3000,NA,NA,NA,NA,NA,NA,NA,NA,NA,NA,skipped_insufficient_samples
mp_spectral_results.rds,whole_filtered_chip,mp_spectral,FULL,FULL,hu35ksuba,carcinomas,OV/OVAD,variance_comparison,tumor,m_Ovary.ovarian.adenocarcinoma,11,3000,272.72727272727275,240.69835977348197,306.75618568106364,1553.1468143975408,0.517715604799176,2,6.666666666666666e-4,1262.5668356732729,1.693796291931836,3.3291933424248956,ok
mp_spectral_results.rds,whole_filtered_chip,mp_spectral,FULL,FULL,hu35ksuba,carcinomas,PA/PAAD,variance_comparison,normal,m_Pancreas.normal,10,3000,300,266.35898384862253,335.6410161513776,873.6159182126654,0.2912053060708867,4,0.0013333333333333333,924.4869552778084,1.9355103160182525,5.80683093645671,ok
mp_spectral_results.rds,whole_filtered_chip,mp_spectral,FULL,FULL,hu35ksuba,carcinomas,PA/PAAD,variance_comparison,tumor,m_Pancreas.pancreatic.adenocarcinoma,10,3000,300,266.35898384862253,335.6410161513776,1225.2723591519507,0.4084241197173146,3,0.001,1120.7971875556736,1.7832344953074724,4.339495739407291,ok
mp_spectral_results.rds,whole_filtered_chip,mp_spectral,FULL,FULL,hu35ksuba,carcinomas,PR/PRAD,variance_comparison,normal,m_Prostate.normal,9,3000,333.3333333333333,297.81849616632223,370.8481705003444,1375.8207970037477,0.4586069323345789,2,6.666666666666666e-4,1153.0265071930266,1.6605387839843033,3.749673474015844,ok
mp_spectral_results.rds,whole_filtered_chip,mp_spectral,FULL,FULL,hu35ksuba,carcinomas,PR/PRAD,variance_comparison,tumor,m_Prostate.prostate.adenocarcinoma,10,3000,300,266.35898384862253,335.6410161513776,1064.9590648361968,0.3549863549453961,4,0.0013333333333333333,1021.8415037085358,1.8338720305953546,4.891188364517977,ok
mp_spectral_results.rds,whole_filtered_chip,mp_spectral,FULL,FULL,hu35ksuba,carcinomas,UT/EAC,variance_comparison,normal,m_Uterus.normal,6,3000,500,456.2786404500043,545.7213595499959,1787.729135269886,0.5959097117566227,1,3.333333333333333e-4,1242.00777571989,1.1966626261257367,2.47756013421075,ok
mp_spectral_results.rds,whole_filtered_chip,mp_spectral,FULL,FULL,hu35ksuba,carcinomas,UT/EAC,variance_comparison,tumor,m_Uterus.uterine.adenocarcinoma,10,3000,300,266.35898384862253,335.6410161513776,857.8436499121284,0.28594788330404103,4,0.0013333333333333333,856.7430426272778,1.9676954153972936,5.979340217104587,ok
mp_spectral_results.rds,whole_filtered_chip,mp_spectral,FULL,FULL,hu35ksuba,blastomas,Brain/GBM,variance_comparison,normal,m_Brain.normal,8,3000,375,337.27016653792583,414.72983346207417,874.7797565965936,0.2915932521988626,3,0.001,1020.0324874149255,1.7075032535922832,4.76308280523037,ok
mp_spectral_results.rds,whole_filtered_chip,mp_spectral,FULL,FULL,hu35ksuba,blastomas,Brain/GBM,variance_comparison,tumor,m_Brain.glioblastoma,10,3000,300,266.35898384862253,335.6410161513776,861.6778856572057,0.28722596188573407,3,0.001,821.2342676892637,1.984923930789483,6.033762796271929,ok
mp_spectral_results.rds,whole_filtered_chip,mp_spectral,FULL,FULL,hu35ksuba,blastomas,Brain/MB,variance_comparison,normal,m_Brain.normal,8,3000,375,337.27016653792583,414.72983346207417,911.7665286951051,0.30392217623169987,3,0.001,1025.661170433897,1.6979337080875494,4.68502924150386,ok
mp_spectral_results.rds,whole_filtered_chip,mp_spectral,FULL,FULL,hu35ksuba,blastomas,Brain/MB,variance_comparison,tumor,m_Brain.medulloblastoma,10,3000,300,266.35898384862253,335.6410161513776,801.189536831351,0.26706317894378184,4,0.0013333333333333333,925.5605114406501,1.9376812826008556,5.7736833593246235,ok
mp_spectral_results.rds,whole_filtered_chip,mp_spectral,FULL,FULL,hu35ksuba,lymphomas,GC/FL,variance_comparison,normal,m_Lymphoid.Tissue.normal,6,3000,500,456.2786404500043,545.7213595499959,1772.1927367933981,0.5907309122644588,1,3.333333333333333e-4,1226.4713772434022,1.2075446375995593,2.5071278615739683,ok
mp_spectral_results.rds,whole_filtered_chip,mp_spectral,FULL,FULL,hu35ksuba,lymphomas,GC/FL,variance_comparison,tumor,m_Lymphoid.Tissue.Follicular.lymphoma,11,3000,272.72727272727275,240.69835977348197,306.75618568106364,924.9606894996032,0.30832022983319896,4,0.0013333333333333333,827.1332375040259,2.0482420085040998,6.166264873710845,ok
mp_spectral_results.rds,whole_filtered_chip,mp_spectral,FULL,FULL,hu35ksuba,lymphomas,GC/LBCL,variance_comparison,normal,m_Lymphoid.Tissue.normal,6,3000,500,456.2786404500043,545.7213595499959,1812.796342734353,0.6042654475781096,1,3.333333333333333e-4,1267.074983184357,1.1952750020534098,2.442290400209796,ok
mp_spectral_results.rds,whole_filtered_chip,mp_spectral,FULL,FULL,hu35ksuba,lymphomas,GC/LBCL,variance_comparison,tumor,m_Lymphoid.Tissue.large.B.cell.lymphoma,11,3000,272.72727272727275,240.69835977348197,306.75618568106364,806.7059780945978,0.2689019926981982,3,0.001,671.0415840675321,2.1366445668268916,7.1221748626713,ok
mp_spectral_results.rds,whole_filtered_chip,mp_spectral,FULL,FULL,hu35ksuba,leukemias,PB/B-ALL,variance_comparison,normal,m_Blood.normal,5,3000,600,552.0102051443364,649.9897948556635,1783.4823131649039,0.5944941043882956,2,6.666666666666666e-4,1136.298856392471,1.0846184934316312,2.3890491170570045,ok
mp_spectral_results.rds,whole_filtered_chip,mp_spectral,FULL,FULL,hu35ksuba,leukemias,PB/B-ALL,variance_comparison,tumor,m_Bone.Marrow.B.cell.ALL,10,3000,300,266.35898384862253,335.6410161513776,855.5867743364437,0.2851955914454796,3,0.001,709.7640113782755,2.0159196132867456,6.366755074293141,ok
mp_spectral_results.rds,whole_filtered_chip,mp_spectral,FULL,FULL,hu35ksuba,leukemias,PB/T-ALL,variance_comparison,normal,m_Blood.normal,5,3000,600,552.0102051443364,649.9897948556635,1779.6103148466705,0.5932034382822178,1,3.333333333333333e-4,1129.6205199910069,1.089260753814769,2.400612212819074,ok
mp_spectral_results.rds,whole_filtered_chip,mp_spectral,FULL,FULL,hu35ksuba,leukemias,PB/T-ALL,variance_comparison,tumor,m_Bone.Marrow.T.cell.ALL,10,3000,300,266.35898384862253,335.6410161513776,988.7778313436977,0.3295926104478969,3,0.001,823.3146446281223,1.9650337030689657,5.6927528855807825,ok
mp_spectral_results.rds,whole_filtered_chip,mp_spectral,FULL,FULL,hu35ksuba,carcinomas,BLAD/TCC,variance_global,normal,m_Bladder.normal,7,3000,428.57142857142856,388.16749501088736,470.97536213196986,1315.844231802915,0.43861474393430094,2,6.666666666666666e-4,972.7502785655553,1.516305673169757,3.6791334539682303,ok
mp_spectral_results.rds,whole_filtered_chip,mp_spectral,FULL,FULL,hu35ksuba,carcinomas,BLAD/TCC,variance_global,tumor,m_Bladder.bladder.transitional.cell.carcinoma,11,3000,272.72727272727275,240.69835977348197,306.75618568106364,882.936742993575,0.2943122476645232,4,0.0013333333333333333,882.8684250008258,2.0482154823295673,6.251947635215599,ok
mp_spectral_results.rds,whole_filtered_chip,mp_spectral,FULL,FULL,hu35ksuba,carcinomas,BR/BRAD,variance_global,normal,m_Breast.normal,5,3000,600,552.0102051443364,649.9897948556635,1991.2306405137383,0.6637435468379037,1,3.333333333333333e-4,1341.2408456580747,0.9587913395591191,2.0450140964543055,ok
mp_spectral_results.rds,whole_filtered_chip,mp_spectral,FULL,FULL,hu35ksuba,carcinomas,BR/BRAD,variance_global,tumor,m_Breast.breast.adenocarcinoma,11,3000,272.72727272727275,240.69835977348197,306.75618568106364,944.0922192414664,0.31469740641382016,3,0.001,1050.8307031156044,1.961883064579153,5.486976937198598,ok
mp_spectral_results.rds,whole_filtered_chip,mp_spectral,FULL,FULL,hu35ksuba,carcinomas,COL/COADREAD,variance_global,normal,m_Colon.normal,11,3000,272.72727272727275,240.69835977348197,306.75618568106364,1279.3831526802878,0.42646105089342573,3,0.001,1214.559206152755,1.813051788610441,4.226004859265189,ok
mp_spectral_results.rds,whole_filtered_chip,mp_spectral,FULL,FULL,hu35ksuba,carcinomas,COL/COADREAD,variance_global,tumor,m_Colon.colorectal.adenocarcinoma,11,3000,272.72727272727275,240.69835977348197,306.75618568106364,1258.5764082773464,0.4195254694257794,3,0.001,1050.1872643158556,1.8904696990945673,4.495294118933957,ok
mp_spectral_results.rds,whole_filtered_chip,mp_spectral,FULL,FULL,hu35ksuba,carcinomas,KID/RCC,variance_global,normal,m_Kidney.normal,12,3000,250,219.3772233983162,282.6227766016838,1171.2809220689892,0.39042697402299487,3,0.001,1152.8004771270012,1.9334486074383799,4.783212772961443,ok
mp_spectral_results.rds,whole_filtered_chip,mp_spectral,FULL,FULL,hu35ksuba,carcinomas,KID/RCC,variance_global,tumor,m_Kidney.renal.cell.carcinoma,11,3000,272.72727272727275,240.69835977348197,306.75618568106364,939.1757073345498,0.3130585691115142,4,0.0013333333333333333,1122.1970198918675,1.917836287156464,5.325266361478635,ok
mp_spectral_results.rds,whole_filtered_chip,mp_spectral,FULL,FULL,hu35ksuba,carcinomas,LU/LUAD,variance_global,normal,m_Lung.normal,7,3000,428.57142857142856,388.16749501088736,470.97536213196986,1888.4432340212752,0.6294810780070876,1,3.333333333333333e-4,1417.4678718893053,1.1953285656718196,2.307469414588497,ok
mp_spectral_results.rds,whole_filtered_chip,mp_spectral,FULL,FULL,hu35ksuba,carcinomas,LU/LUAD,variance_global,tumor,m_Lung.lung.adenocarcinoma,11,3000,272.72727272727275,240.69835977348197,306.75618568106364,1327.2214897943845,0.4424071632647916,2,6.666666666666666e-4,1139.9522759308313,1.8069456888347757,4.0974330575315046,ok
mp_spectral_results.rds,whole_filtered_chip,mp_spectral,FULL,FULL,hu35ksuba,carcinomas,OV/OVAD,variance_global,normal,m_Ovary.normal,4,3000,NA,NA,NA,NA,NA,NA,NA,NA,NA,NA,skipped_insufficient_samples
mp_spectral_results.rds,whole_filtered_chip,mp_spectral,FULL,FULL,hu35ksuba,carcinomas,OV/OVAD,variance_global,tumor,m_Ovary.ovarian.adenocarcinoma,11,3000,272.72727272727275,240.69835977348197,306.75618568106364,1553.1468143975408,0.517715604799176,2,6.666666666666666e-4,1262.5668356732729,1.693796291931836,3.3291933424248956,ok
mp_spectral_results.rds,whole_filtered_chip,mp_spectral,FULL,FULL,hu35ksuba,carcinomas,PA/PAAD,variance_global,normal,m_Pancreas.normal,10,3000,300,266.35898384862253,335.6410161513776,873.6159182126654,0.2912053060708867,4,0.0013333333333333333,924.4869552778084,1.9355103160182525,5.80683093645671,ok
mp_spectral_results.rds,whole_filtered_chip,mp_spectral,FULL,FULL,hu35ksuba,carcinomas,PA/PAAD,variance_global,tumor,m_Pancreas.pancreatic.adenocarcinoma,10,3000,300,266.35898384862253,335.6410161513776,1225.2723591519507,0.4084241197173146,3,0.001,1120.7971875556736,1.7832344953074724,4.339495739407291,ok
mp_spectral_results.rds,whole_filtered_chip,mp_spectral,FULL,FULL,hu35ksuba,carcinomas,PR/PRAD,variance_global,normal,m_Prostate.normal,9,3000,333.3333333333333,297.81849616632223,370.8481705003444,1375.8207970037477,0.4586069323345789,2,6.666666666666666e-4,1153.0265071930266,1.6605387839843033,3.749673474015844,ok
mp_spectral_results.rds,whole_filtered_chip,mp_spectral,FULL,FULL,hu35ksuba,carcinomas,PR/PRAD,variance_global,tumor,m_Prostate.prostate.adenocarcinoma,10,3000,300,266.35898384862253,335.6410161513776,1064.9590648361968,0.3549863549453961,4,0.0013333333333333333,1021.8415037085358,1.8338720305953546,4.891188364517977,ok
mp_spectral_results.rds,whole_filtered_chip,mp_spectral,FULL,FULL,hu35ksuba,carcinomas,UT/EAC,variance_global,normal,m_Uterus.normal,6,3000,500,456.2786404500043,545.7213595499959,1787.729135269886,0.5959097117566227,1,3.333333333333333e-4,1242.00777571989,1.1966626261257367,2.47756013421075,ok
mp_spectral_results.rds,whole_filtered_chip,mp_spectral,FULL,FULL,hu35ksuba,carcinomas,UT/EAC,variance_global,tumor,m_Uterus.uterine.adenocarcinoma,10,3000,300,266.35898384862253,335.6410161513776,857.8436499121284,0.28594788330404103,4,0.0013333333333333333,856.7430426272778,1.9676954153972936,5.979340217104587,ok
mp_spectral_results.rds,whole_filtered_chip,mp_spectral,FULL,FULL,hu35ksuba,blastomas,Brain/GBM,variance_global,normal,m_Brain.normal,8,3000,375,337.27016653792583,414.72983346207417,874.7797565965936,0.2915932521988626,3,0.001,1020.0324874149255,1.7075032535922832,4.76308280523037,ok
mp_spectral_results.rds,whole_filtered_chip,mp_spectral,FULL,FULL,hu35ksuba,blastomas,Brain/GBM,variance_global,tumor,m_Brain.glioblastoma,10,3000,300,266.35898384862253,335.6410161513776,861.6778856572057,0.28722596188573407,3,0.001,821.2342676892637,1.984923930789483,6.033762796271929,ok
mp_spectral_results.rds,whole_filtered_chip,mp_spectral,FULL,FULL,hu35ksuba,blastomas,Brain/MB,variance_global,normal,m_Brain.normal,8,3000,375,337.27016653792583,414.72983346207417,911.7665286951051,0.30392217623169987,3,0.001,1025.661170433897,1.6979337080875494,4.68502924150386,ok
mp_spectral_results.rds,whole_filtered_chip,mp_spectral,FULL,FULL,hu35ksuba,blastomas,Brain/MB,variance_global,tumor,m_Brain.medulloblastoma,10,3000,300,266.35898384862253,335.6410161513776,801.189536831351,0.26706317894378184,4,0.0013333333333333333,925.5605114406501,1.9376812826008556,5.7736833593246235,ok
mp_spectral_results.rds,whole_filtered_chip,mp_spectral,FULL,FULL,hu35ksuba,lymphomas,GC/FL,variance_global,normal,m_Lymphoid.Tissue.normal,6,3000,500,456.2786404500043,545.7213595499959,1772.1927367933981,0.5907309122644588,1,3.333333333333333e-4,1226.4713772434022,1.2075446375995593,2.5071278615739683,ok
mp_spectral_results.rds,whole_filtered_chip,mp_spectral,FULL,FULL,hu35ksuba,lymphomas,GC/FL,variance_global,tumor,m_Lymphoid.Tissue.Follicular.lymphoma,11,3000,272.72727272727275,240.69835977348197,306.75618568106364,924.9606894996032,0.30832022983319896,4,0.0013333333333333333,827.1332375040259,2.0482420085040998,6.166264873710845,ok
mp_spectral_results.rds,whole_filtered_chip,mp_spectral,FULL,FULL,hu35ksuba,lymphomas,GC/LBCL,variance_global,normal,m_Lymphoid.Tissue.normal,6,3000,500,456.2786404500043,545.7213595499959,1812.796342734353,0.6042654475781096,1,3.333333333333333e-4,1267.074983184357,1.1952750020534098,2.442290400209796,ok
mp_spectral_results.rds,whole_filtered_chip,mp_spectral,FULL,FULL,hu35ksuba,lymphomas,GC/LBCL,variance_global,tumor,m_Lymphoid.Tissue.large.B.cell.lymphoma,11,3000,272.72727272727275,240.69835977348197,306.75618568106364,806.7059780945978,0.2689019926981982,3,0.001,671.0415840675321,2.1366445668268916,7.1221748626713,ok
mp_spectral_results.rds,whole_filtered_chip,mp_spectral,FULL,FULL,hu35ksuba,leukemias,PB/B-ALL,variance_global,normal,m_Blood.normal,5,3000,600,552.0102051443364,649.9897948556635,1783.4823131649039,0.5944941043882956,2,6.666666666666666e-4,1136.298856392471,1.0846184934316312,2.3890491170570045,ok
mp_spectral_results.rds,whole_filtered_chip,mp_spectral,FULL,FULL,hu35ksuba,leukemias,PB/B-ALL,variance_global,tumor,m_Bone.Marrow.B.cell.ALL,10,3000,300,266.35898384862253,335.6410161513776,855.5867743364437,0.2851955914454796,3,0.001,709.7640113782755,2.0159196132867456,6.366755074293141,ok
mp_spectral_results.rds,whole_filtered_chip,mp_spectral,FULL,FULL,hu35ksuba,leukemias,PB/T-ALL,variance_global,normal,m_Blood.normal,5,3000,600,552.0102051443364,649.9897948556635,1779.6103148466705,0.5932034382822178,1,3.333333333333333e-4,1129.6205199910069,1.089260753814769,2.400612212819074,ok
mp_spectral_results.rds,whole_filtered_chip,mp_spectral,FULL,FULL,hu35ksuba,leukemias,PB/T-ALL,variance_global,tumor,m_Bone.Marrow.T.cell.ALL,10,3000,300,266.35898384862253,335.6410161513776,988.7778313436977,0.3295926104478969,3,0.001,823.3146446281223,1.9650337030689657,5.6927528855807825,ok
mp_spectral_results.rds,whole_filtered_chip,mp_spectral,FULL,FULL,hu6800,carcinomas,BLAD/TCC,limma,normal,m_Bladder.normal,7,399,57,42.9003311294585,73.0996688705415,171.70998515721544,0.43035083999301943,2,0.005012531328320802,107.65861842352699,1.514465900800173,3.7086544812313944,ok
mp_spectral_results.rds,whole_filtered_chip,mp_spectral,FULL,FULL,hu6800,carcinomas,BLAD/TCC,limma,tumor,m_Bladder.bladder.transitional.cell.carcinoma,11,399,36.27272727272727,25.227358490871357,49.31809605458319,119.38971223669947,0.2992223364328301,3,0.007518796992481203,91.31132438191966,2.0410094949876183,6.152724809752842,ok
mp_spectral_results.rds,whole_filtered_chip,mp_spectral,FULL,FULL,hu6800,carcinomas,BR/BRAD,limma,normal,m_Breast.normal,5,1522,304.4,270.505874419897,340.29412558010307,860.7330039996264,0.5655275978972532,1,6.57030223390276e-4,520.4388784195232,1.1330183184750044,2.555093745011439,ok
mp_spectral_results.rds,whole_filtered_chip,mp_spectral,FULL,FULL,hu6800,carcinomas,BR/BRAD,limma,tumor,m_Breast.breast.adenocarcinoma,11,1522,138.36363636363637,115.8380216967558,162.8892510305169,660.0433229715077,0.433668411939227,2,0.001314060446780552,567.725339454687,1.8434865536700495,4.2377562310350445,ok
mp_spectral_results.rds,whole_filtered_chip,mp_spectral,FULL,FULL,hu6800,carcinomas,COL/COADREAD,limma,normal,m_Colon.normal,10,286,28.6,18.904206434303248,40.29579356569675,95.26638063239994,0.33309923298041877,1,0.0034965034965034965,54.970587066703196,1.9757428671226644,5.730094546222972,ok
mp_spectral_results.rds,whole_filtered_chip,mp_spectral,FULL,FULL,hu6800,carcinomas,COL/COADREAD,limma,tumor,m_Colon.colorectal.adenocarcinoma,11,286,26,16.801960972814427,37.198039027185565,74.60091435083575,0.2608423578700546,2,0.006993006993006993,49.09658370344433,2.1218134827046815,7.011791927869375,ok
mp_spectral_results.rds,whole_filtered_chip,mp_spectral,FULL,FULL,hu6800,carcinomas,KID/RCC,limma,normal,m_Kidney.normal,12,57,4.75,1.391101056459327,10.108898943540675,31.668348629676153,0.5555850636785287,1,0.017543859649122806,21.55944968613548,1.6100989705748234,2.9575892651550073,ok
mp_spectral_results.rds,whole_filtered_chip,mp_spectral,FULL,FULL,hu6800,carcinomas,KID/RCC,limma,tumor,m_Kidney.renal.cell.carcinoma,9,57,6.333333333333333,2.3001103764861663,12.3665562901805,14.645810259043563,0.2569440396323431,1,0.017543859649122806,2.2792539688630633,1.936472286257185,6.115161814684849,ok
mp_spectral_results.rds,whole_filtered_chip,mp_spectral,FULL,FULL,hu6800,carcinomas,LU/LUAD,limma,normal,m_Lung.normal,5,64,12.8,6.644582472000672,20.955417527999323,35.75440935031277,0.5586626460986366,1,0.015625,14.798991822313447,1.1610127407156758,2.631245254772299,ok
mp_spectral_results.rds,whole_filtered_chip,mp_spectral,FULL,FULL,hu6800,carcinomas,LU/LUAD,limma,tumor,m_Lung.lung.adenocarcinoma,11,64,5.818181818181818,1.9940003049376003,11.642363331426036,22.391900351018958,0.3498734429846709,1,0.015625,10.749537019592921,1.9275184457671566,5.211712419442218,ok
mp_spectral_results.rds,whole_filtered_chip,mp_spectral,FULL,FULL,hu6800,carcinomas,OV/OVAD,limma,normal,m_Ovary.normal,4,181,NA,NA,NA,NA,NA,NA,NA,NA,NA,NA,skipped_insufficient_samples
mp_spectral_results.rds,whole_filtered_chip,mp_spectral,FULL,FULL,hu6800,carcinomas,OV/OVAD,limma,tumor,m_Ovary.ovarian.adenocarcinoma,10,181,18.1,10.59118104552694,27.60881895447306,53.90983162235881,0.2978443736041918,2,0.011049723756906077,27.999417290395304,1.9965170673910773,6.122004649449008,ok
mp_spectral_results.rds,whole_filtered_chip,mp_spectral,FULL,FULL,hu6800,carcinomas,PA/PAAD,limma,normal,m_Pancreas.normal,10,520,52,38.57779489814404,67.42220510185597,118.63216883542137,0.22813878622196357,3,0.0057692307692307696,99.86226707511938,2.040616778682577,6.7551038798192415,ok
mp_spectral_results.rds,whole_filtered_chip,mp_spectral,FULL,FULL,hu6800,carcinomas,PA/PAAD,limma,tumor,m_Pancreas.pancreatic.adenocarcinoma,10,520,52,38.57779489814404,67.42220510185597,317.4852017914229,0.6105484649835027,1,0.0019230769230769232,250.06299668956694,1.4392402842985756,2.528647498890122,ok
mp_spectral_results.rds,whole_filtered_chip,mp_spectral,FULL,FULL,hu6800,carcinomas,UT/EAC,limma,normal,m_Uterus.normal,6,81,13.5,7.151530771650466,21.848469228349536,31.209710986704614,0.38530507390993296,1,0.012345679012345678,9.361241758355078,1.4482813216194907,3.7957195612809707,ok
mp_spectral_results.rds,whole_filtered_chip,mp_spectral,FULL,FULL,hu6800,carcinomas,UT/EAC,limma,tumor,m_Uterus.uterine.adenocarcinoma,10,81,8.1,3.4079002116969175,14.792099788303084,26.639238107516576,0.3288794828088463,1,0.012345679012345678,11.847138319213492,1.9557496606513365,5.661637680692906,ok
mp_spectral_results.rds,whole_filtered_chip,mp_spectral,FULL,FULL,hu6800,blastomas,Brain/GBM,limma,normal,m_Brain.normal,8,716,89.5,71.57911207157551,109.42088792842452,189.80502792582104,0.26509082112544746,3,0.004189944134078212,147.35163758796756,1.7879221265508751,5.395858470961617,ok
mp_spectral_results.rds,whole_filtered_chip,mp_spectral,FULL,FULL,hu6800,blastomas,Brain/GBM,limma,tumor,m_Brain.glioblastoma,10,716,71.6,55.676643358955054,89.52335664104494,186.42666305772573,0.26037243443816377,3,0.004189944134078212,127.82223803691284,2.049278455658029,6.763507985770106,ok
mp_spectral_results.rds,whole_filtered_chip,mp_spectral,FULL,FULL,hu6800,blastomas,Brain/MB,limma,normal,m_Brain.normal,8,650,81.25,64.22224362268005,100.27775637731995,210.4965429014739,0.32384083523303564,3,0.004615384615384616,159.41089981097866,1.7147512244270233,4.795491546001772,ok
mp_spectral_results.rds,whole_filtered_chip,mp_spectral,FULL,FULL,hu6800,blastomas,Brain/MB,limma,tumor,m_Brain.medulloblastoma,10,650,65,49.875484503402895,82.12451549659708,178.45525455001234,0.27454654546155693,2,0.003076923076923077,115.68907558493206,2.038079615540898,6.593435923815104,ok
mp_spectral_results.rds,whole_filtered_chip,mp_spectral,FULL,FULL,hu6800,leukemias,PB/B-ALL,limma,normal,m_Blood.normal,5,1449,289.8,256.75297369813336,324.84702630186666,629.2396884531556,0.4342578940325411,2,0.0013802622498274672,442.4896509391623,1.238174126115982,3.1051395556507444,ok
mp_spectral_results.rds,whole_filtered_chip,mp_spectral,FULL,FULL,hu6800,leukemias,PB/B-ALL,limma,tumor,m_Bone.Marrow.B.cell.ALL,10,1449,144.9,121.82511682271334,169.97488317728664,451.7770711351991,0.31178541831276574,2,0.0013802622498274672,407.9522163347405,1.9449734244497947,5.6372935840581935,ok
mp_spectral_results.rds,whole_filtered_chip,mp_spectral,FULL,FULL,hu6800,leukemias,PB/T-ALL,limma,normal,m_Blood.normal,5,994,198.8,171.60070922877668,227.9992907712233,474.7434513852294,0.4776091060213552,2,0.002012072434607646,329.66359255091817,1.1878667598353128,2.871851739308978,ok
mp_spectral_results.rds,whole_filtered_chip,mp_spectral,FULL,FULL,hu6800,leukemias,PB/T-ALL,limma,tumor,m_Bone.Marrow.T.cell.ALL,9,994,110.44444444444444,90.4259340838652,132.4629548050237,300.4573036184208,0.3022709291935813,2,0.002012072434607646,257.9333232929239,1.88400865921474,5.514982704922854,ok
mp_spectral_results.rds,whole_filtered_chip,mp_spectral,FULL,FULL,hu6800,carcinomas,BLAD/TCC,variance_comparison,normal,m_Bladder.normal,7,3000,428.57142857142856,388.16749501088736,470.97536213196986,1089.2801304813227,0.36309337682710335,3,0.001,943.3208845554697,1.5793121150212337,4.187750476811064,ok
mp_spectral_results.rds,whole_filtered_chip,mp_spectral,FULL,FULL,hu6800,carcinomas,BLAD/TCC,variance_comparison,tumor,m_Bladder.bladder.transitional.cell.carcinoma,11,3000,272.72727272727275,240.69835977348197,306.75618568106364,814.0248596458254,0.27134161988194033,4,0.0013333333333333333,974.7111254654467,2.0019306237123597,6.008046310469277,ok
mp_spectral_results.rds,whole_filtered_chip,mp_spectral,FULL,FULL,hu6800,carcinomas,BR/BRAD,variance_comparison,normal,m_Breast.normal,5,3000,600,552.0102051443364,649.9897948556635,1589.4820699434438,0.5298273566478099,2,6.666666666666666e-4,1107.4197205979008,1.1458982304207594,2.666637425079772,ok
mp_spectral_results.rds,whole_filtered_chip,mp_spectral,FULL,FULL,hu6800,carcinomas,BR/BRAD,variance_comparison,tumor,m_Breast.breast.adenocarcinoma,11,3000,272.72727272727275,240.69835977348197,306.75618568106364,1341.4415053854855,0.44714716846182334,2,6.666666666666666e-4,1196.3404019823995,1.7892814371124728,4.00840069672527,ok
mp_spectral_results.rds,whole_filtered_chip,mp_spectral,FULL,FULL,hu6800,carcinomas,COL/COADREAD,variance_comparison,normal,m_Colon.normal,10,3000,300,266.35898384862253,335.6410161513776,1501.9090952367887,0.5006363650789238,1,3.333333333333333e-4,1166.268079085411,1.6806749006536699,3.470485456371831,ok
mp_spectral_results.rds,whole_filtered_chip,mp_spectral,FULL,FULL,hu6800,carcinomas,COL/COADREAD,variance_comparison,tumor,m_Colon.colorectal.adenocarcinoma,11,3000,272.72727272727275,240.69835977348197,306.75618568106364,1219.7945506473404,0.40659818354911054,3,0.001,1057.8716781604671,1.9043693683006073,4.645207274475268,ok
mp_spectral_results.rds,whole_filtered_chip,mp_spectral,FULL,FULL,hu6800,carcinomas,KID/RCC,variance_comparison,normal,m_Kidney.normal,12,3000,250,219.3772233983162,282.6227766016838,1175.1755988519521,0.3917251996173143,3,0.001,1199.140399010611,1.9030608318218827,4.646815634641668,ok
mp_spectral_results.rds,whole_filtered_chip,mp_spectral,FULL,FULL,hu6800,carcinomas,KID/RCC,variance_comparison,tumor,m_Kidney.renal.cell.carcinoma,9,3000,333.3333333333333,297.81849616632223,370.8481705003444,1016.5160366061091,0.33883867886870095,3,0.001,938.9637829638962,1.8317492006245795,5.082757481970974,ok
mp_spectral_results.rds,whole_filtered_chip,mp_spectral,FULL,FULL,hu6800,carcinomas,LU/LUAD,variance_comparison,normal,m_Lung.normal,5,3000,600,552.0102051443364,649.9897948556635,1437.8725195522547,0.4792908398507469,2,6.666666666666666e-4,798.7444796959268,1.2481115793012623,3.0721573740321655,ok
mp_spectral_results.rds,whole_filtered_chip,mp_spectral,FULL,FULL,hu6800,carcinomas,LU/LUAD,variance_comparison,tumor,m_Lung.lung.adenocarcinoma,11,3000,272.72727272727275,240.69835977348197,306.75618568106364,1372.013080903364,0.45733769363444965,2,6.666666666666666e-4,1192.03063288148,1.7968885137430783,3.944403915489701,ok
mp_spectral_results.rds,whole_filtered_chip,mp_spectral,FULL,FULL,hu6800,carcinomas,OV/OVAD,variance_comparison,normal,m_Ovary.normal,4,3000,NA,NA,NA,NA,NA,NA,NA,NA,NA,NA,skipped_insufficient_samples
mp_spectral_results.rds,whole_filtered_chip,mp_spectral,FULL,FULL,hu6800,carcinomas,OV/OVAD,variance_comparison,tumor,m_Ovary.ovarian.adenocarcinoma,10,3000,300,266.35898384862253,335.6410161513776,1560.6768305947508,0.5202256101982464,2,6.666666666666666e-4,1297.388290412961,1.624652605024422,3.2437268253634968,ok
mp_spectral_results.rds,whole_filtered_chip,mp_spectral,FULL,FULL,hu6800,carcinomas,PA/PAAD,variance_comparison,normal,m_Pancreas.normal,10,3000,300,266.35898384862253,335.6410161513776,875.3659301964967,0.29178864339882987,3,0.001,916.5238436740531,1.9525446242197009,5.832248573359955,ok
mp_spectral_results.rds,whole_filtered_chip,mp_spectral,FULL,FULL,hu6800,carcinomas,PA/PAAD,variance_comparison,tumor,m_Pancreas.pancreatic.adenocarcinoma,10,3000,300,266.35898384862253,335.6410161513776,1613.070211950857,0.537690070650281,2,6.666666666666666e-4,1298.2691302173807,1.5757231015304443,3.077649922108952,ok
mp_spectral_results.rds,whole_filtered_chip,mp_spectral,FULL,FULL,hu6800,carcinomas,PR/PRAD,variance_comparison,normal,m_Prostate.normal,7,3000,428.57142857142856,388.16749501088736,470.97536213196986,1322.5689225068893,0.44085630750229154,2,6.666666666666666e-4,1010.0404069642898,1.538451013377389,3.7144424671609553,ok
mp_spectral_results.rds,whole_filtered_chip,mp_spectral,FULL,FULL,hu6800,carcinomas,PR/PRAD,variance_comparison,tumor,m_Prostate.prostate.adenocarcinoma,8,3000,375,337.27016653792583,414.72983346207417,1312.9937422485707,0.43766458074952014,2,6.666666666666666e-4,1154.255044216674,1.568777877776089,3.7039046885034907,ok
mp_spectral_results.rds,whole_filtered_chip,mp_spectral,FULL,FULL,hu6800,carcinomas,UT/EAC,variance_comparison,normal,m_Uterus.normal,6,3000,500,456.2786404500043,545.7213595499959,1843.3119956268588,0.6144373318756122,1,3.333333333333333e-4,1297.590636076863,1.182578336703392,2.391960666009352,ok
mp_spectral_results.rds,whole_filtered_chip,mp_spectral,FULL,FULL,hu6800,carcinomas,UT/EAC,variance_comparison,tumor,m_Uterus.uterine.adenocarcinoma,10,3000,300,266.35898384862253,335.6410161513776,1242.320299260526,0.41410676642017175,3,0.001,1041.9123299387757,1.8159873954533199,4.402722111487907,ok
mp_spectral_results.rds,whole_filtered_chip,mp_spectral,FULL,FULL,hu6800,blastomas,Brain/GBM,variance_comparison,normal,m_Brain.normal,8,3000,375,337.27016653792583,414.72983346207417,824.403701625762,0.2748012338752526,4,0.0013333333333333333,875.8968046060238,1.7499948843599022,5.162007081630784,ok
mp_spectral_results.rds,whole_filtered_chip,mp_spectral,FULL,FULL,hu6800,blastomas,Brain/GBM,variance_comparison,tumor,m_Brain.glioblastoma,10,3000,300,266.35898384862253,335.6410161513776,809.9847418959677,0.2699949139653209,4,0.0013333333333333333,743.8074560030659,2.022034236741247,6.464654203897743,ok
mp_spectral_results.rds,whole_filtered_chip,mp_spectral,FULL,FULL,hu6800,blastomas,Brain/MB,variance_comparison,normal,m_Brain.normal,8,3000,375,337.27016653792583,414.72983346207417,882.4129355245211,0.2941376451748387,4,0.0013333333333333333,876.8114710948083,1.740541245642871,5.055319150595904,ok
mp_spectral_results.rds,whole_filtered_chip,mp_spectral,FULL,FULL,hu6800,blastomas,Brain/MB,variance_comparison,tumor,m_Brain.medulloblastoma,10,3000,300,266.35898384862253,335.6410161513776,819.8656950402973,0.2732885650134302,3,0.001,747.9234078472391,2.012141396353553,6.3921013703327345,ok
mp_spectral_results.rds,whole_filtered_chip,mp_spectral,FULL,FULL,hu6800,leukemias,PB/B-ALL,variance_comparison,normal,m_Blood.normal,5,3000,600,552.0102051443364,649.9897948556635,1397.0953031264921,0.46569843437549435,2,6.666666666666666e-4,1095.9867366451804,1.182751103475048,2.870912135296276,ok
mp_spectral_results.rds,whole_filtered_chip,mp_spectral,FULL,FULL,hu6800,leukemias,PB/B-ALL,variance_comparison,tumor,m_Bone.Marrow.B.cell.ALL,10,3000,300,266.35898384862253,335.6410161513776,975.466314660234,0.3251554382200758,2,6.666666666666666e-4,1036.1490968891558,1.8767583038343918,5.104296702224041,ok
mp_spectral_results.rds,whole_filtered_chip,mp_spectral,FULL,FULL,hu6800,leukemias,PB/T-ALL,variance_comparison,normal,m_Blood.normal,5,3000,600,552.0102051443364,649.9897948556635,1424.1760732060447,0.4747253577353444,2,6.666666666666666e-4,1099.5639713407286,1.178075977791322,2.845591297285913,ok
mp_spectral_results.rds,whole_filtered_chip,mp_spectral,FULL,FULL,hu6800,leukemias,PB/T-ALL,variance_comparison,tumor,m_Bone.Marrow.T.cell.ALL,9,3000,333.3333333333333,297.81849616632223,370.8481705003444,1221.492960377417,0.40716432012580334,2,6.666666666666666e-4,1056.415613961889,1.7534276590189342,4.323751548223968,ok
mp_spectral_results.rds,whole_filtered_chip,mp_spectral,FULL,FULL,hu6800,carcinomas,BLAD/TCC,variance_global,normal,m_Bladder.normal,7,3000,428.57142857142856,388.16749501088736,470.97536213196986,1089.2801304813227,0.36309337682710335,3,0.001,943.3208845554697,1.5793121150212337,4.187750476811064,ok
mp_spectral_results.rds,whole_filtered_chip,mp_spectral,FULL,FULL,hu6800,carcinomas,BLAD/TCC,variance_global,tumor,m_Bladder.bladder.transitional.cell.carcinoma,11,3000,272.72727272727275,240.69835977348197,306.75618568106364,814.0248596458254,0.27134161988194033,4,0.0013333333333333333,974.7111254654467,2.0019306237123597,6.008046310469277,ok
mp_spectral_results.rds,whole_filtered_chip,mp_spectral,FULL,FULL,hu6800,carcinomas,BR/BRAD,variance_global,normal,m_Breast.normal,5,3000,600,552.0102051443364,649.9897948556635,1589.4820699434438,0.5298273566478099,2,6.666666666666666e-4,1107.4197205979008,1.1458982304207594,2.666637425079772,ok
mp_spectral_results.rds,whole_filtered_chip,mp_spectral,FULL,FULL,hu6800,carcinomas,BR/BRAD,variance_global,tumor,m_Breast.breast.adenocarcinoma,11,3000,272.72727272727275,240.69835977348197,306.75618568106364,1341.4415053854855,0.44714716846182334,2,6.666666666666666e-4,1196.3404019823995,1.7892814371124728,4.00840069672527,ok
mp_spectral_results.rds,whole_filtered_chip,mp_spectral,FULL,FULL,hu6800,carcinomas,COL/COADREAD,variance_global,normal,m_Colon.normal,10,3000,300,266.35898384862253,335.6410161513776,1501.9090952367887,0.5006363650789238,1,3.333333333333333e-4,1166.268079085411,1.6806749006536699,3.470485456371831,ok
mp_spectral_results.rds,whole_filtered_chip,mp_spectral,FULL,FULL,hu6800,carcinomas,COL/COADREAD,variance_global,tumor,m_Colon.colorectal.adenocarcinoma,11,3000,272.72727272727275,240.69835977348197,306.75618568106364,1219.7945506473404,0.40659818354911054,3,0.001,1057.8716781604671,1.9043693683006073,4.645207274475268,ok
mp_spectral_results.rds,whole_filtered_chip,mp_spectral,FULL,FULL,hu6800,carcinomas,KID/RCC,variance_global,normal,m_Kidney.normal,12,3000,250,219.3772233983162,282.6227766016838,1175.1755988519521,0.3917251996173143,3,0.001,1199.140399010611,1.9030608318218827,4.646815634641668,ok
mp_spectral_results.rds,whole_filtered_chip,mp_spectral,FULL,FULL,hu6800,carcinomas,KID/RCC,variance_global,tumor,m_Kidney.renal.cell.carcinoma,9,3000,333.3333333333333,297.81849616632223,370.8481705003444,1016.5160366061091,0.33883867886870095,3,0.001,938.9637829638962,1.8317492006245795,5.082757481970974,ok
mp_spectral_results.rds,whole_filtered_chip,mp_spectral,FULL,FULL,hu6800,carcinomas,LU/LUAD,variance_global,normal,m_Lung.normal,5,3000,600,552.0102051443364,649.9897948556635,1437.8725195522547,0.4792908398507469,2,6.666666666666666e-4,798.7444796959268,1.2481115793012623,3.0721573740321655,ok
mp_spectral_results.rds,whole_filtered_chip,mp_spectral,FULL,FULL,hu6800,carcinomas,LU/LUAD,variance_global,tumor,m_Lung.lung.adenocarcinoma,11,3000,272.72727272727275,240.69835977348197,306.75618568106364,1372.013080903364,0.45733769363444965,2,6.666666666666666e-4,1192.03063288148,1.7968885137430783,3.944403915489701,ok
mp_spectral_results.rds,whole_filtered_chip,mp_spectral,FULL,FULL,hu6800,carcinomas,OV/OVAD,variance_global,normal,m_Ovary.normal,4,3000,NA,NA,NA,NA,NA,NA,NA,NA,NA,NA,skipped_insufficient_samples
mp_spectral_results.rds,whole_filtered_chip,mp_spectral,FULL,FULL,hu6800,carcinomas,OV/OVAD,variance_global,tumor,m_Ovary.ovarian.adenocarcinoma,10,3000,300,266.35898384862253,335.6410161513776,1560.6768305947508,0.5202256101982464,2,6.666666666666666e-4,1297.388290412961,1.624652605024422,3.2437268253634968,ok
mp_spectral_results.rds,whole_filtered_chip,mp_spectral,FULL,FULL,hu6800,carcinomas,PA/PAAD,variance_global,normal,m_Pancreas.normal,10,3000,300,266.35898384862253,335.6410161513776,875.3659301964967,0.29178864339882987,3,0.001,916.5238436740531,1.9525446242197009,5.832248573359955,ok
mp_spectral_results.rds,whole_filtered_chip,mp_spectral,FULL,FULL,hu6800,carcinomas,PA/PAAD,variance_global,tumor,m_Pancreas.pancreatic.adenocarcinoma,10,3000,300,266.35898384862253,335.6410161513776,1613.070211950857,0.537690070650281,2,6.666666666666666e-4,1298.2691302173807,1.5757231015304443,3.077649922108952,ok
mp_spectral_results.rds,whole_filtered_chip,mp_spectral,FULL,FULL,hu6800,carcinomas,PR/PRAD,variance_global,normal,m_Prostate.normal,7,3000,428.57142857142856,388.16749501088736,470.97536213196986,1322.5689225068893,0.44085630750229154,2,6.666666666666666e-4,1010.0404069642898,1.538451013377389,3.7144424671609553,ok
mp_spectral_results.rds,whole_filtered_chip,mp_spectral,FULL,FULL,hu6800,carcinomas,PR/PRAD,variance_global,tumor,m_Prostate.prostate.adenocarcinoma,8,3000,375,337.27016653792583,414.72983346207417,1312.9937422485707,0.43766458074952014,2,6.666666666666666e-4,1154.255044216674,1.568777877776089,3.7039046885034907,ok
mp_spectral_results.rds,whole_filtered_chip,mp_spectral,FULL,FULL,hu6800,carcinomas,UT/EAC,variance_global,normal,m_Uterus.normal,6,3000,500,456.2786404500043,545.7213595499959,1843.3119956268588,0.6144373318756122,1,3.333333333333333e-4,1297.590636076863,1.182578336703392,2.391960666009352,ok
mp_spectral_results.rds,whole_filtered_chip,mp_spectral,FULL,FULL,hu6800,carcinomas,UT/EAC,variance_global,tumor,m_Uterus.uterine.adenocarcinoma,10,3000,300,266.35898384862253,335.6410161513776,1242.320299260526,0.41410676642017175,3,0.001,1041.9123299387757,1.8159873954533199,4.402722111487907,ok
mp_spectral_results.rds,whole_filtered_chip,mp_spectral,FULL,FULL,hu6800,blastomas,Brain/GBM,variance_global,normal,m_Brain.normal,8,3000,375,337.27016653792583,414.72983346207417,824.403701625762,0.2748012338752526,4,0.0013333333333333333,875.8968046060238,1.7499948843599022,5.162007081630784,ok
mp_spectral_results.rds,whole_filtered_chip,mp_spectral,FULL,FULL,hu6800,blastomas,Brain/GBM,variance_global,tumor,m_Brain.glioblastoma,10,3000,300,266.35898384862253,335.6410161513776,809.9847418959677,0.2699949139653209,4,0.0013333333333333333,743.8074560030659,2.022034236741247,6.464654203897743,ok
mp_spectral_results.rds,whole_filtered_chip,mp_spectral,FULL,FULL,hu6800,blastomas,Brain/MB,variance_global,normal,m_Brain.normal,8,3000,375,337.27016653792583,414.72983346207417,882.4129355245211,0.2941376451748387,4,0.0013333333333333333,876.8114710948083,1.740541245642871,5.055319150595904,ok
mp_spectral_results.rds,whole_filtered_chip,mp_spectral,FULL,FULL,hu6800,blastomas,Brain/MB,variance_global,tumor,m_Brain.medulloblastoma,10,3000,300,266.35898384862253,335.6410161513776,819.8656950402973,0.2732885650134302,3,0.001,747.9234078472391,2.012141396353553,6.3921013703327345,ok
mp_spectral_results.rds,whole_filtered_chip,mp_spectral,FULL,FULL,hu6800,leukemias,PB/B-ALL,variance_global,normal,m_Blood.normal,5,3000,600,552.0102051443364,649.9897948556635,1397.0953031264921,0.46569843437549435,2,6.666666666666666e-4,1095.9867366451804,1.182751103475048,2.870912135296276,ok
mp_spectral_results.rds,whole_filtered_chip,mp_spectral,FULL,FULL,hu6800,leukemias,PB/B-ALL,variance_global,tumor,m_Bone.Marrow.B.cell.ALL,10,3000,300,266.35898384862253,335.6410161513776,975.466314660234,0.3251554382200758,2,6.666666666666666e-4,1036.1490968891558,1.8767583038343918,5.104296702224041,ok
mp_spectral_results.rds,whole_filtered_chip,mp_spectral,FULL,FULL,hu6800,leukemias,PB/T-ALL,variance_global,normal,m_Blood.normal,5,3000,600,552.0102051443364,649.9897948556635,1424.1760732060447,0.4747253577353444,2,6.666666666666666e-4,1099.5639713407286,1.178075977791322,2.845591297285913,ok
mp_spectral_results.rds,whole_filtered_chip,mp_spectral,FULL,FULL,hu6800,leukemias,PB/T-ALL,variance_global,tumor,m_Bone.Marrow.T.cell.ALL,9,3000,333.3333333333333,297.81849616632223,370.8481705003444,1221.492960377417,0.40716432012580334,2,6.666666666666666e-4,1056.415613961889,1.7534276590189342,4.323751548223968,ok
