source_file,analysis_scope,engine,gene_set_mode,gene_set_name,chip,group,comparison,filter_regime,matrix_key_normal,matrix_key_tumor,n_samples_normal,n_samples_tumor,n_features_normal,n_features_tumor,q_normal,q_tumor,mp_lambda_plus_normal,mp_lambda_plus_tumor,largest_eigenvalue_normal,largest_eigenvalue_tumor,largest_eigenvalue_fraction_normal,largest_eigenvalue_fraction_tumor,n_spikes_normal,n_spikes_tumor,spike_fraction_normal,spike_fraction_tumor,excess_spectral_mass_normal,excess_spectral_mass_tumor,spectral_entropy_normal,spectral_entropy_tumor,participation_ratio_normal,participation_ratio_tumor,status_normal,status_tumor,paired_status,largest_eigenvalue_delta,largest_eigenvalue_fraction_delta,n_spikes_delta,spike_fraction_delta,excess_spectral_mass_delta,spectral_entropy_delta,participation_ratio_delta
mp_spectral_results.rds,whole_filtered_chip,mp_spectral,FULL,FULL,hu35ksuba,carcinomas,BLAD/TCC,limma,m_Bladder.normal,m_Bladder.bladder.transitional.cell.carcinoma,7,11,3259,3259,465.57142857142856,296.27272727272725,509.72563710646847,331.69787664191523,1550.6658757369596,946.7920877164172,0.4758103331503355,0.290516136151093,2,3,6.13685179502915e-4,9.205277692543725e-4,1049.1404035865978,864.0537316934256,1.492371414147164,2.08483389289881,3.4450002736242182,6.540013510351567,ok,ok,ok,-603.8737880205424,-0.1852941969992425,1,3.068425897514575e-4,-185.08667189317225,0.5924624787516461,3.095013236727349
mp_spectral_results.rds,whole_filtered_chip,mp_spectral,FULL,FULL,hu35ksuba,carcinomas,BR/BRAD,limma,m_Breast.normal,m_Breast.breast.adenocarcinoma,5,11,382,382,76.4,34.72727272727273,94.88141870672973,47.513242815012255,271.5308194665357,126.52024842533896,0.7108136635249587,0.33120483880978713,1,3,0.002617801047120419,0.007853403141361256,176.64940075980599,103.12212590581322,0.8995408092327204,1.9846972745683997,1.8632659056148333,5.552258813584987,ok,ok,ok,-145.01057104119676,-0.37960882471517154,2,0.005235602094240837,-73.52727485399276,1.0851564653356793,3.688992907970154
mp_spectral_results.rds,whole_filtered_chip,mp_spectral,FULL,FULL,hu35ksuba,carcinomas,COL/COADREAD,limma,m_Colon.normal,m_Colon.colorectal.adenocarcinoma,11,11,1129,1129,102.63636363636364,102.63636363636364,123.89828493088687,123.89828493088687,341.576110606826,430.3963309732834,0.30254748503704576,0.3812190708355016,3,2,0.002657218777679362,0.001771479185119575,309.26254915446236,310.6724584490991,2.0414504623388536,1.981355812715376,6.1444386926164105,5.157325879072116,ok,ok,ok,88.82022036645742,0.07867158579845585,-1,-8.857395925597872e-4,1.4099092946367477,-0.06009464962347755,-0.9871128135442948
mp_spectral_results.rds,whole_filtered_chip,mp_spectral,FULL,FULL,hu35ksuba,carcinomas,KID/RCC,limma,m_Kidney.normal,m_Kidney.renal.cell.carcinoma,12,11,330,330,27.5,30,38.98808848170152,41.954451150103324,76.0056433592658,71.12615701330435,0.23032013139171437,0.215533809131225,3,4,0.00909090909090909,0.012121212121212121,73.087286114639,57.418981667667445,2.1461236345130708,2.113096897567315,7.092744930486877,7.226046402128847,ok,ok,ok,-4.879486345961453,-0.01478632226048937,1,0.0030303030303030307,-15.668304446971554,-0.033026736945755975,0.13330147164197026
mp_spectral_results.rds,whole_filtered_chip,mp_spectral,FULL,FULL,hu35ksuba,carcinomas,OV/OVAD,limma,m_Ovary.normal,m_Ovary.ovarian.adenocarcinoma,4,11,180,180,NA,16.363636363636363,NA,25.454034713195266,NA,54.38898986736777,NA,0.3021610548187095,NA,2,NA,0.011111111111111112,NA,29.366888195148626,NA,2.046511504264424,NA,6.221257058006908,skipped_insufficient_samples,ok,normal_skipped,NA,NA,NA,NA,NA,NA,NA
mp_spectral_results.rds,whole_filtered_chip,mp_spectral,FULL,FULL,hu35ksuba,carcinomas,PA/PAAD,limma,m_Pancreas.normal,m_Pancreas.pancreatic.adenocarcinoma,10,10,221,221,22.1,22.1,32.502127418834526,32.502127418834526,65.32905845351546,148.79813309139854,0.2956065993371737,0.6732947198705798,2,1,0.00904977375565611,0.004524886877828055,41.073549889533396,116.29600567256401,1.9628337523460726,1.2773586695170185,5.917156399522847,2.1299588325541796,ok,ok,ok,83.46907463788308,0.37768812053340606,-1,-0.004524886877828055,75.22245578303061,-0.6854750828290541,-3.7871975669686675
mp_spectral_results.rds,whole_filtered_chip,mp_spectral,FULL,FULL,hu35ksuba,carcinomas,UT/EAC,limma,m_Uterus.normal,m_Uterus.uterine.adenocarcinoma,6,10,386,386,64.33333333333333,38.6,81.3749458873546,52.02577965360726,189.61791064840983,100.19335446790106,0.49123811048810717,0.2595682758235772,1,2,0.0025906735751295338,0.0051813471502590676,108.24296476105523,63.93414106575413,1.361168068005048,2.0240624450239255,3.1668957377364118,6.5604603388669345,ok,ok,ok,-89.42455618050877,-0.23166983466452995,1,0.0025906735751295338,-44.3088236953011,0.6628943770188775,3.3935646011305227
mp_spectral_results.rds,whole_filtered_chip,mp_spectral,FULL,FULL,hu35ksuba,blastomas,Brain/GBM,limma,m_Brain.normal,m_Brain.glioblastoma,8,10,848,848,106,84.8,127.59126028197402,104.21738309315413,273.2853441777919,205.0341780719782,0.3222704530398474,0.24178558734903036,3,3,0.003537735849056604,0.003537735849056604,214.5719684971469,147.1270505224434,1.7465193546143443,2.07173698998502,4.911600291685407,7.049162806000602,ok,ok,ok,-68.2511661058137,-0.08048486569081706,0,0,-67.44491797470351,0.32521763537067594,2.137562514315195
mp_spectral_results.rds,whole_filtered_chip,mp_spectral,FULL,FULL,hu35ksuba,blastomas,Brain/MB,limma,m_Brain.normal,m_Brain.medulloblastoma,8,10,828,828,103.5,82.8,124.8469899493758,101.99890106572371,283.7660941728942,232.22512525099015,0.3427126741218516,0.2804651271147217,3,3,0.0036231884057971015,0.0036231884057971015,252.9985695371274,200.16019285599123,1.684368053111921,1.9819883223757744,4.535418531273443,6.089858807522521,ok,ok,ok,-51.54096892190407,-0.062247547007129866,0,0,-52.83837668113617,0.29762026926385343,1.5544402762490783
mp_spectral_results.rds,whole_filtered_chip,mp_spectral,FULL,FULL,hu35ksuba,lymphomas,GC/FL,limma,m_Lymphoid.Tissue.normal,m_Lymphoid.Tissue.Follicular.lymphoma,6,11,1953,1953,325.5,177.54545454545453,362.58323710533745,205.1946912733951,1254.7404335411334,541.653376910957,0.6424682199391311,0.27734427901226516,1,4,5.120327700972862e-4,0.002048131080389145,892.1571964357959,457.22775272634885,1.1388814778784986,2.106084969146582,2.2406168141311693,6.814036104720707,ok,ok,ok,-713.0870566301763,-0.3651239409268659,3,0.0015360983102918587,-434.929443709447,0.9672034912680836,4.573419290589538
mp_spectral_results.rds,whole_filtered_chip,mp_spectral,FULL,FULL,hu35ksuba,lymphomas,GC/LBCL,limma,m_Lymphoid.Tissue.normal,m_Lymphoid.Tissue.large.B.cell.lymphoma,6,11,1243,1243,207.16666666666666,113,236.9532376098455,135.2602916254693,785.0786903972752,317.9519648321502,0.6315999118240286,0.2557940183685834,1,3,8.045052292839903e-4,0.002413515687851971,548.1254527874297,229.21809204386145,1.1592528228968955,2.155957221735136,2.300587378541912,7.405888448245165,ok,ok,ok,-467.12672556512496,-0.37580589345544524,2,0.0016090104585679806,-318.90736074356823,0.9967043988382405,5.105301069703252
mp_spectral_results.rds,whole_filtered_chip,mp_spectral,FULL,FULL,hu35ksuba,leukemias,PB/B-ALL,limma,m_Blood.normal,m_Bone.Marrow.B.cell.ALL,5,10,1353,1353,270.6,135.3,304.49984802396517,159.56370563775255,713.5627415808272,333.02511351743283,0.5273930092984637,0.24613829528265463,1,3,7.390983000739098e-4,0.0022172949002217295,409.062893556862,245.44941207041546,1.1909763121965138,2.071830561861504,2.7844309976980623,7.067328208057537,ok,ok,ok,-380.5376280633943,-0.28125471401580904,2,0.0014781966001478197,-163.61348148644652,0.88085424966499,4.282897210359475
mp_spectral_results.rds,whole_filtered_chip,mp_spectral,FULL,FULL,hu35ksuba,leukemias,PB/T-ALL,limma,m_Blood.normal,m_Bone.Marrow.T.cell.ALL,5,10,1600,1600,320,160,356.7770876399967,186.29822128134705,846.3342879077677,442.3149723450165,0.5289589299423505,0.27644685771563443,2,3,0.00125,0.001875,489.9011585998643,342.60361918491265,1.1884472456639272,2.040867351810752,2.773972422462982,6.579049886992919,ok,ok,ok,-404.0193155627512,-0.25251207222671607,1,6.249999999999999e-4,-147.29753941495164,0.8524201061468248,3.8050774645299366
mp_spectral_results.rds,whole_filtered_chip,mp_spectral,FULL,FULL,hu35ksuba,carcinomas,BLAD/TCC,variance_comparison,m_Bladder.normal,m_Bladder.bladder.transitional.cell.carcinoma,7,11,3000,3000,428.57142857142856,272.72727272727275,470.97536213196986,306.75618568106364,1315.844231802915,882.936742993575,0.43861474393430094,0.2943122476645232,2,4,6.666666666666666e-4,0.0013333333333333333,972.7502785655553,882.8684250008258,1.516305673169757,2.0482154823295673,3.6791334539682303,6.251947635215599,ok,ok,ok,-432.90748880933995,-0.14430249626977776,2,6.666666666666666e-4,-89.88185356472945,0.5319098091598102,2.5728141812473684
mp_spectral_results.rds,whole_filtered_chip,mp_spectral,FULL,FULL,hu35ksuba,carcinomas,BR/BRAD,variance_comparison,m_Breast.normal,m_Breast.breast.adenocarcinoma,5,11,3000,3000,600,272.72727272727275,649.9897948556635,306.75618568106364,1991.2306405137383,944.0922192414664,0.6637435468379037,0.31469740641382016,1,3,3.333333333333333e-4,0.001,1341.2408456580747,1050.8307031156044,0.9587913395591191,1.961883064579153,2.0450140964543055,5.486976937198598,ok,ok,ok,-1047.138421272272,-0.34904614042408355,2,6.666666666666668e-4,-290.41014254247034,1.0030917250200337,3.4419628407442926
mp_spectral_results.rds,whole_filtered_chip,mp_spectral,FULL,FULL,hu35ksuba,carcinomas,COL/COADREAD,variance_comparison,m_Colon.normal,m_Colon.colorectal.adenocarcinoma,11,11,3000,3000,272.72727272727275,272.72727272727275,306.75618568106364,306.75618568106364,1279.3831526802878,1258.5764082773464,0.42646105089342573,0.4195254694257794,3,3,0.001,0.001,1214.559206152755,1050.1872643158556,1.813051788610441,1.8904696990945673,4.226004859265189,4.495294118933957,ok,ok,ok,-20.806744402941376,-0.0069355814676463345,0,0,-164.3719418368994,0.07741791048412638,0.26928925966876793
mp_spectral_results.rds,whole_filtered_chip,mp_spectral,FULL,FULL,hu35ksuba,carcinomas,KID/RCC,variance_comparison,m_Kidney.normal,m_Kidney.renal.cell.carcinoma,12,11,3000,3000,250,272.72727272727275,282.6227766016838,306.75618568106364,1171.2809220689892,939.1757073345498,0.39042697402299487,0.3130585691115142,3,4,0.001,0.0013333333333333333,1152.8004771270012,1122.1970198918675,1.9334486074383799,1.917836287156464,4.783212772961443,5.325266361478635,ok,ok,ok,-232.10521473443941,-0.07736840491148067,1,3.3333333333333327e-4,-30.603457235133646,-0.015612320281915837,0.5420535885171915
mp_spectral_results.rds,whole_filtered_chip,mp_spectral,FULL,FULL,hu35ksuba,carcinomas,LU/LUAD,variance_comparison,m_Lung.normal,m_Lung.lung.adenocarcinoma,7,11,3000,3000,428.57142857142856,272.72727272727275,470.97536213196986,306.75618568106364,1888.4432340212752,1327.2214897943845,0.6294810780070876,0.4424071632647916,1,2,3.333333333333333e-4,6.666666666666666e-4,1417.4678718893053,1139.9522759308313,1.1953285656718196,1.8069456888347757,2.307469414588497,4.0974330575315046,ok,ok,ok,-561.2217442268907,-0.187073914742296,1,3.333333333333333e-4,-277.515595958474,0.6116171231629561,1.7899636429430075
mp_spectral_results.rds,whole_filtered_chip,mp_spectral,FULL,FULL,hu35ksuba,carcinomas,OV/OVAD,variance_comparison,m_Ovary.normal,m_Ovary.ovarian.adenocarcinoma,4,11,3000,3000,NA,272.72727272727275,NA,306.75618568106364,NA,1553.1468143975408,NA,0.517715604799176,NA,2,NA,6.666666666666666e-4,NA,1262.5668356732729,NA,1.693796291931836,NA,3.3291933424248956,skipped_insufficient_samples,ok,normal_skipped,NA,NA,NA,NA,NA,NA,NA
mp_spectral_results.rds,whole_filtered_chip,mp_spectral,FULL,FULL,hu35ksuba,carcinomas,PA/PAAD,variance_comparison,m_Pancreas.normal,m_Pancreas.pancreatic.adenocarcinoma,10,10,3000,3000,300,300,335.6410161513776,335.6410161513776,873.6159182126654,1225.2723591519507,0.2912053060708867,0.4084241197173146,4,3,0.0013333333333333333,0.001,924.4869552778084,1120.7971875556736,1.9355103160182525,1.7832344953074724,5.80683093645671,4.339495739407291,ok,ok,ok,351.6564409392853,0.11721881364642794,-1,-3.3333333333333327e-4,196.31023227786523,-0.15227582071078016,-1.4673351970494188
mp_spectral_results.rds,whole_filtered_chip,mp_spectral,FULL,FULL,hu35ksuba,carcinomas,PR/PRAD,variance_comparison,m_Prostate.normal,m_Prostate.prostate.adenocarcinoma,9,10,3000,3000,333.3333333333333,300,370.8481705003444,335.6410161513776,1375.8207970037477,1064.9590648361968,0.4586069323345789,0.3549863549453961,2,4,6.666666666666666e-4,0.0013333333333333333,1153.0265071930266,1021.8415037085358,1.6605387839843033,1.8338720305953546,3.749673474015844,4.891188364517977,ok,ok,ok,-310.8617321675508,-0.10362057738918279,2,6.666666666666666e-4,-131.18500348449084,0.17333324661105132,1.1415148905021333
mp_spectral_results.rds,whole_filtered_chip,mp_spectral,FULL,FULL,hu35ksuba,carcinomas,UT/EAC,variance_comparison,m_Uterus.normal,m_Uterus.uterine.adenocarcinoma,6,10,3000,3000,500,300,545.7213595499959,335.6410161513776,1787.729135269886,857.8436499121284,0.5959097117566227,0.28594788330404103,1,4,3.333333333333333e-4,0.0013333333333333333,1242.00777571989,856.7430426272778,1.1966626261257367,1.9676954153972936,2.47756013421075,5.979340217104587,ok,ok,ok,-929.8854853577576,-0.30996182845258163,3,0.001,-385.26473309261235,0.7710327892715569,3.5017800828938372
mp_spectral_results.rds,whole_filtered_chip,mp_spectral,FULL,FULL,hu35ksuba,blastomas,Brain/GBM,variance_comparison,m_Brain.normal,m_Brain.glioblastoma,8,10,3000,3000,375,300,414.72983346207417,335.6410161513776,874.7797565965936,861.6778856572057,0.2915932521988626,0.28722596188573407,3,3,0.001,0.001,1020.0324874149255,821.2342676892637,1.7075032535922832,1.984923930789483,4.76308280523037,6.033762796271929,ok,ok,ok,-13.101870939387936,-0.004367290313128547,0,0,-198.79821972566185,0.27742067719719987,1.2706799910415585
mp_spectral_results.rds,whole_filtered_chip,mp_spectral,FULL,FULL,hu35ksuba,blastomas,Brain/MB,variance_comparison,m_Brain.normal,m_Brain.medulloblastoma,8,10,3000,3000,375,300,414.72983346207417,335.6410161513776,911.7665286951051,801.189536831351,0.30392217623169987,0.26706317894378184,3,4,0.001,0.0013333333333333333,1025.661170433897,925.5605114406501,1.6979337080875494,1.9376812826008556,4.68502924150386,5.7736833593246235,ok,ok,ok,-110.57699186375407,-0.03685899728791803,1,3.3333333333333327e-4,-100.10065899324695,0.2397475745133062,1.0886541178207638
mp_spectral_results.rds,whole_filtered_chip,mp_spectral,FULL,FULL,hu35ksuba,lymphomas,GC/FL,variance_comparison,m_Lymphoid.Tissue.normal,m_Lymphoid.Tissue.Follicular.lymphoma,6,11,3000,3000,500,272.72727272727275,545.7213595499959,306.75618568106364,1772.1927367933981,924.9606894996032,0.5907309122644588,0.30832022983319896,1,4,3.333333333333333e-4,0.0013333333333333333,1226.4713772434022,827.1332375040259,1.2075446375995593,2.0482420085040998,2.5071278615739683,6.166264873710845,ok,ok,ok,-847.232047293795,-0.2824106824312599,3,0.001,-399.3381397393763,0.8406973709045404,3.6591370121368767
mp_spectral_results.rds,whole_filtered_chip,mp_spectral,FULL,FULL,hu35ksuba,lymphomas,GC/LBCL,variance_comparison,m_Lymphoid.Tissue.normal,m_Lymphoid.Tissue.large.B.cell.lymphoma,6,11,3000,3000,500,272.72727272727275,545.7213595499959,306.75618568106364,1812.796342734353,806.7059780945978,0.6042654475781096,0.2689019926981982,1,3,3.333333333333333e-4,0.001,1267.074983184357,671.0415840675321,1.1952750020534098,2.1366445668268916,2.442290400209796,7.1221748626713,ok,ok,ok,-1006.0903646397552,-0.3353634548799114,2,6.666666666666668e-4,-596.033399116825,0.9413695647734819,4.679884462461504
mp_spectral_results.rds,whole_filtered_chip,mp_spectral,FULL,FULL,hu35ksuba,leukemias,PB/B-ALL,variance_comparison,m_Blood.normal,m_Bone.Marrow.B.cell.ALL,5,10,3000,3000,600,300,649.9897948556635,335.6410161513776,1783.4823131649039,855.5867743364437,0.5944941043882956,0.2851955914454796,2,3,6.666666666666666e-4,0.001,1136.298856392471,709.7640113782755,1.0846184934316312,2.0159196132867456,2.3890491170570045,6.366755074293141,ok,ok,ok,-927.8955388284602,-0.309298512942816,1,3.333333333333334e-4,-426.5348450141954,0.9313011198551144,3.9777059572361364
mp_spectral_results.rds,whole_filtered_chip,mp_spectral,FULL,FULL,hu35ksuba,leukemias,PB/T-ALL,variance_comparison,m_Blood.normal,m_Bone.Marrow.T.cell.ALL,5,10,3000,3000,600,300,649.9897948556635,335.6410161513776,1779.6103148466705,988.7778313436977,0.5932034382822178,0.3295926104478969,1,3,3.333333333333333e-4,0.001,1129.6205199910069,823.3146446281223,1.089260753814769,1.9650337030689657,2.400612212819074,5.6927528855807825,ok,ok,ok,-790.8324835029728,-0.2636108278343209,2,6.666666666666668e-4,-306.30587536288454,0.8757729492541968,3.2921406727617084
mp_spectral_results.rds,whole_filtered_chip,mp_spectral,FULL,FULL,hu35ksuba,carcinomas,BLAD/TCC,variance_global,m_Bladder.normal,m_Bladder.bladder.transitional.cell.carcinoma,7,11,3000,3000,428.57142857142856,272.72727272727275,470.97536213196986,306.75618568106364,1315.844231802915,882.936742993575,0.43861474393430094,0.2943122476645232,2,4,6.666666666666666e-4,0.0013333333333333333,972.7502785655553,882.8684250008258,1.516305673169757,2.0482154823295673,3.6791334539682303,6.251947635215599,ok,ok,ok,-432.90748880933995,-0.14430249626977776,2,6.666666666666666e-4,-89.88185356472945,0.5319098091598102,2.5728141812473684
mp_spectral_results.rds,whole_filtered_chip,mp_spectral,FULL,FULL,hu35ksuba,carcinomas,BR/BRAD,variance_global,m_Breast.normal,m_Breast.breast.adenocarcinoma,5,11,3000,3000,600,272.72727272727275,649.9897948556635,306.75618568106364,1991.2306405137383,944.0922192414664,0.6637435468379037,0.31469740641382016,1,3,3.333333333333333e-4,0.001,1341.2408456580747,1050.8307031156044,0.9587913395591191,1.961883064579153,2.0450140964543055,5.486976937198598,ok,ok,ok,-1047.138421272272,-0.34904614042408355,2,6.666666666666668e-4,-290.41014254247034,1.0030917250200337,3.4419628407442926
mp_spectral_results.rds,whole_filtered_chip,mp_spectral,FULL,FULL,hu35ksuba,carcinomas,COL/COADREAD,variance_global,m_Colon.normal,m_Colon.colorectal.adenocarcinoma,11,11,3000,3000,272.72727272727275,272.72727272727275,306.75618568106364,306.75618568106364,1279.3831526802878,1258.5764082773464,0.42646105089342573,0.4195254694257794,3,3,0.001,0.001,1214.559206152755,1050.1872643158556,1.813051788610441,1.8904696990945673,4.226004859265189,4.495294118933957,ok,ok,ok,-20.806744402941376,-0.0069355814676463345,0,0,-164.3719418368994,0.07741791048412638,0.26928925966876793
mp_spectral_results.rds,whole_filtered_chip,mp_spectral,FULL,FULL,hu35ksuba,carcinomas,KID/RCC,variance_global,m_Kidney.normal,m_Kidney.renal.cell.carcinoma,12,11,3000,3000,250,272.72727272727275,282.6227766016838,306.75618568106364,1171.2809220689892,939.1757073345498,0.39042697402299487,0.3130585691115142,3,4,0.001,0.0013333333333333333,1152.8004771270012,1122.1970198918675,1.9334486074383799,1.917836287156464,4.783212772961443,5.325266361478635,ok,ok,ok,-232.10521473443941,-0.07736840491148067,1,3.3333333333333327e-4,-30.603457235133646,-0.015612320281915837,0.5420535885171915
mp_spectral_results.rds,whole_filtered_chip,mp_spectral,FULL,FULL,hu35ksuba,carcinomas,LU/LUAD,variance_global,m_Lung.normal,m_Lung.lung.adenocarcinoma,7,11,3000,3000,428.57142857142856,272.72727272727275,470.97536213196986,306.75618568106364,1888.4432340212752,1327.2214897943845,0.6294810780070876,0.4424071632647916,1,2,3.333333333333333e-4,6.666666666666666e-4,1417.4678718893053,1139.9522759308313,1.1953285656718196,1.8069456888347757,2.307469414588497,4.0974330575315046,ok,ok,ok,-561.2217442268907,-0.187073914742296,1,3.333333333333333e-4,-277.515595958474,0.6116171231629561,1.7899636429430075
mp_spectral_results.rds,whole_filtered_chip,mp_spectral,FULL,FULL,hu35ksuba,carcinomas,OV/OVAD,variance_global,m_Ovary.normal,m_Ovary.ovarian.adenocarcinoma,4,11,3000,3000,NA,272.72727272727275,NA,306.75618568106364,NA,1553.1468143975408,NA,0.517715604799176,NA,2,NA,6.666666666666666e-4,NA,1262.5668356732729,NA,1.693796291931836,NA,3.3291933424248956,skipped_insufficient_samples,ok,normal_skipped,NA,NA,NA,NA,NA,NA,NA
mp_spectral_results.rds,whole_filtered_chip,mp_spectral,FULL,FULL,hu35ksuba,carcinomas,PA/PAAD,variance_global,m_Pancreas.normal,m_Pancreas.pancreatic.adenocarcinoma,10,10,3000,3000,300,300,335.6410161513776,335.6410161513776,873.6159182126654,1225.2723591519507,0.2912053060708867,0.4084241197173146,4,3,0.0013333333333333333,0.001,924.4869552778084,1120.7971875556736,1.9355103160182525,1.7832344953074724,5.80683093645671,4.339495739407291,ok,ok,ok,351.6564409392853,0.11721881364642794,-1,-3.3333333333333327e-4,196.31023227786523,-0.15227582071078016,-1.4673351970494188
mp_spectral_results.rds,whole_filtered_chip,mp_spectral,FULL,FULL,hu35ksuba,carcinomas,PR/PRAD,variance_global,m_Prostate.normal,m_Prostate.prostate.adenocarcinoma,9,10,3000,3000,333.3333333333333,300,370.8481705003444,335.6410161513776,1375.8207970037477,1064.9590648361968,0.4586069323345789,0.3549863549453961,2,4,6.666666666666666e-4,0.0013333333333333333,1153.0265071930266,1021.8415037085358,1.6605387839843033,1.8338720305953546,3.749673474015844,4.891188364517977,ok,ok,ok,-310.8617321675508,-0.10362057738918279,2,6.666666666666666e-4,-131.18500348449084,0.17333324661105132,1.1415148905021333
mp_spectral_results.rds,whole_filtered_chip,mp_spectral,FULL,FULL,hu35ksuba,carcinomas,UT/EAC,variance_global,m_Uterus.normal,m_Uterus.uterine.adenocarcinoma,6,10,3000,3000,500,300,545.7213595499959,335.6410161513776,1787.729135269886,857.8436499121284,0.5959097117566227,0.28594788330404103,1,4,3.333333333333333e-4,0.0013333333333333333,1242.00777571989,856.7430426272778,1.1966626261257367,1.9676954153972936,2.47756013421075,5.979340217104587,ok,ok,ok,-929.8854853577576,-0.30996182845258163,3,0.001,-385.26473309261235,0.7710327892715569,3.5017800828938372
mp_spectral_results.rds,whole_filtered_chip,mp_spectral,FULL,FULL,hu35ksuba,blastomas,Brain/GBM,variance_global,m_Brain.normal,m_Brain.glioblastoma,8,10,3000,3000,375,300,414.72983346207417,335.6410161513776,874.7797565965936,861.6778856572057,0.2915932521988626,0.28722596188573407,3,3,0.001,0.001,1020.0324874149255,821.2342676892637,1.7075032535922832,1.984923930789483,4.76308280523037,6.033762796271929,ok,ok,ok,-13.101870939387936,-0.004367290313128547,0,0,-198.79821972566185,0.27742067719719987,1.2706799910415585
mp_spectral_results.rds,whole_filtered_chip,mp_spectral,FULL,FULL,hu35ksuba,blastomas,Brain/MB,variance_global,m_Brain.normal,m_Brain.medulloblastoma,8,10,3000,3000,375,300,414.72983346207417,335.6410161513776,911.7665286951051,801.189536831351,0.30392217623169987,0.26706317894378184,3,4,0.001,0.0013333333333333333,1025.661170433897,925.5605114406501,1.6979337080875494,1.9376812826008556,4.68502924150386,5.7736833593246235,ok,ok,ok,-110.57699186375407,-0.03685899728791803,1,3.3333333333333327e-4,-100.10065899324695,0.2397475745133062,1.0886541178207638
mp_spectral_results.rds,whole_filtered_chip,mp_spectral,FULL,FULL,hu35ksuba,lymphomas,GC/FL,variance_global,m_Lymphoid.Tissue.normal,m_Lymphoid.Tissue.Follicular.lymphoma,6,11,3000,3000,500,272.72727272727275,545.7213595499959,306.75618568106364,1772.1927367933981,924.9606894996032,0.5907309122644588,0.30832022983319896,1,4,3.333333333333333e-4,0.0013333333333333333,1226.4713772434022,827.1332375040259,1.2075446375995593,2.0482420085040998,2.5071278615739683,6.166264873710845,ok,ok,ok,-847.232047293795,-0.2824106824312599,3,0.001,-399.3381397393763,0.8406973709045404,3.6591370121368767
mp_spectral_results.rds,whole_filtered_chip,mp_spectral,FULL,FULL,hu35ksuba,lymphomas,GC/LBCL,variance_global,m_Lymphoid.Tissue.normal,m_Lymphoid.Tissue.large.B.cell.lymphoma,6,11,3000,3000,500,272.72727272727275,545.7213595499959,306.75618568106364,1812.796342734353,806.7059780945978,0.6042654475781096,0.2689019926981982,1,3,3.333333333333333e-4,0.001,1267.074983184357,671.0415840675321,1.1952750020534098,2.1366445668268916,2.442290400209796,7.1221748626713,ok,ok,ok,-1006.0903646397552,-0.3353634548799114,2,6.666666666666668e-4,-596.033399116825,0.9413695647734819,4.679884462461504
mp_spectral_results.rds,whole_filtered_chip,mp_spectral,FULL,FULL,hu35ksuba,leukemias,PB/B-ALL,variance_global,m_Blood.normal,m_Bone.Marrow.B.cell.ALL,5,10,3000,3000,600,300,649.9897948556635,335.6410161513776,1783.4823131649039,855.5867743364437,0.5944941043882956,0.2851955914454796,2,3,6.666666666666666e-4,0.001,1136.298856392471,709.7640113782755,1.0846184934316312,2.0159196132867456,2.3890491170570045,6.366755074293141,ok,ok,ok,-927.8955388284602,-0.309298512942816,1,3.333333333333334e-4,-426.5348450141954,0.9313011198551144,3.9777059572361364
mp_spectral_results.rds,whole_filtered_chip,mp_spectral,FULL,FULL,hu35ksuba,leukemias,PB/T-ALL,variance_global,m_Blood.normal,m_Bone.Marrow.T.cell.ALL,5,10,3000,3000,600,300,649.9897948556635,335.6410161513776,1779.6103148466705,988.7778313436977,0.5932034382822178,0.3295926104478969,1,3,3.333333333333333e-4,0.001,1129.6205199910069,823.3146446281223,1.089260753814769,1.9650337030689657,2.400612212819074,5.6927528855807825,ok,ok,ok,-790.8324835029728,-0.2636108278343209,2,6.666666666666668e-4,-306.30587536288454,0.8757729492541968,3.2921406727617084
mp_spectral_results.rds,whole_filtered_chip,mp_spectral,FULL,FULL,hu6800,carcinomas,BLAD/TCC,limma,m_Bladder.normal,m_Bladder.bladder.transitional.cell.carcinoma,7,11,399,399,57,36.27272727272727,73.0996688705415,49.31809605458319,171.70998515721544,119.38971223669947,0.43035083999301943,0.2992223364328301,2,3,0.005012531328320802,0.007518796992481203,107.65861842352699,91.31132438191966,1.514465900800173,2.0410094949876183,3.7086544812313944,6.152724809752842,ok,ok,ok,-52.320272920515976,-0.13112850356018935,1,0.002506265664160401,-16.347294041607327,0.5265435941874452,2.4440703285214473
mp_spectral_results.rds,whole_filtered_chip,mp_spectral,FULL,FULL,hu6800,carcinomas,BR/BRAD,limma,m_Breast.normal,m_Breast.breast.adenocarcinoma,5,11,1522,1522,304.4,138.36363636363637,340.29412558010307,162.8892510305169,860.7330039996264,660.0433229715077,0.5655275978972532,0.433668411939227,1,2,6.57030223390276e-4,0.001314060446780552,520.4388784195232,567.725339454687,1.1330183184750044,1.8434865536700495,2.555093745011439,4.2377562310350445,ok,ok,ok,-200.68968102811868,-0.13185918595802615,1,6.57030223390276e-4,47.28646103516371,0.7104682351950451,1.6826624860236055
mp_spectral_results.rds,whole_filtered_chip,mp_spectral,FULL,FULL,hu6800,carcinomas,COL/COADREAD,limma,m_Colon.normal,m_Colon.colorectal.adenocarcinoma,10,11,286,286,28.6,26,40.29579356569675,37.198039027185565,95.26638063239994,74.60091435083575,0.33309923298041877,0.2608423578700546,1,2,0.0034965034965034965,0.006993006993006993,54.970587066703196,49.09658370344433,1.9757428671226644,2.1218134827046815,5.730094546222972,7.011791927869375,ok,ok,ok,-20.665466281564193,-0.07225687511036416,1,0.0034965034965034965,-5.874003363258865,0.14607061558201706,1.2816973816464028
mp_spectral_results.rds,whole_filtered_chip,mp_spectral,FULL,FULL,hu6800,carcinomas,KID/RCC,limma,m_Kidney.normal,m_Kidney.renal.cell.carcinoma,12,9,57,57,4.75,6.333333333333333,10.108898943540675,12.3665562901805,31.668348629676153,14.645810259043563,0.5555850636785287,0.2569440396323431,1,1,0.017543859649122806,0.017543859649122806,21.55944968613548,2.2792539688630633,1.6100989705748234,1.936472286257185,2.9575892651550073,6.115161814684849,ok,ok,ok,-17.02253837063259,-0.2986410240461856,0,0,-19.280195717272417,0.3263733156823616,3.1575725495298417
mp_spectral_results.rds,whole_filtered_chip,mp_spectral,FULL,FULL,hu6800,carcinomas,LU/LUAD,limma,m_Lung.normal,m_Lung.lung.adenocarcinoma,5,11,64,64,12.8,5.818181818181818,20.955417527999323,11.642363331426036,35.75440935031277,22.391900351018958,0.5586626460986366,0.3498734429846709,1,1,0.015625,0.015625,14.798991822313447,10.749537019592921,1.1610127407156758,1.9275184457671566,2.631245254772299,5.211712419442218,ok,ok,ok,-13.362508999293812,-0.2087892031139657,0,0,-4.0494548027205255,0.7665057050514807,2.580467164669919
mp_spectral_results.rds,whole_filtered_chip,mp_spectral,FULL,FULL,hu6800,carcinomas,OV/OVAD,limma,m_Ovary.normal,m_Ovary.ovarian.adenocarcinoma,4,10,181,181,NA,18.1,NA,27.60881895447306,NA,53.90983162235881,NA,0.2978443736041918,NA,2,NA,0.011049723756906077,NA,27.999417290395304,NA,1.9965170673910773,NA,6.122004649449008,skipped_insufficient_samples,ok,normal_skipped,NA,NA,NA,NA,NA,NA,NA
mp_spectral_results.rds,whole_filtered_chip,mp_spectral,FULL,FULL,hu6800,carcinomas,PA/PAAD,limma,m_Pancreas.normal,m_Pancreas.pancreatic.adenocarcinoma,10,10,520,520,52,52,67.42220510185597,67.42220510185597,118.63216883542137,317.4852017914229,0.22813878622196357,0.6105484649835027,3,1,0.0057692307692307696,0.0019230769230769232,99.86226707511938,250.06299668956694,2.040616778682577,1.4392402842985756,6.7551038798192415,2.528647498890122,ok,ok,ok,198.85303295600156,0.3824096787615391,-2,-0.0038461538461538464,150.20072961444757,-0.6013764943840014,-4.22645638092912
mp_spectral_results.rds,whole_filtered_chip,mp_spectral,FULL,FULL,hu6800,carcinomas,UT/EAC,limma,m_Uterus.normal,m_Uterus.uterine.adenocarcinoma,6,10,81,81,13.5,8.1,21.848469228349536,14.792099788303084,31.209710986704614,26.639238107516576,0.38530507390993296,0.3288794828088463,1,1,0.012345679012345678,0.012345679012345678,9.361241758355078,11.847138319213492,1.4482813216194907,1.9557496606513365,3.7957195612809707,5.661637680692906,ok,ok,ok,-4.5704728791880385,-0.056425591101086636,0,0,2.4858965608584143,0.5074683390318457,1.8659181194119356
mp_spectral_results.rds,whole_filtered_chip,mp_spectral,FULL,FULL,hu6800,blastomas,Brain/GBM,limma,m_Brain.normal,m_Brain.glioblastoma,8,10,716,716,89.5,71.6,109.42088792842452,89.52335664104494,189.80502792582104,186.42666305772573,0.26509082112544746,0.26037243443816377,3,3,0.004189944134078212,0.004189944134078212,147.35163758796756,127.82223803691284,1.7879221265508751,2.049278455658029,5.395858470961617,6.763507985770106,ok,ok,ok,-3.3783648680953036,-0.004718386687283693,0,0,-19.529399551054723,0.2613563291071537,1.3676495148084893
mp_spectral_results.rds,whole_filtered_chip,mp_spectral,FULL,FULL,hu6800,blastomas,Brain/MB,limma,m_Brain.normal,m_Brain.medulloblastoma,8,10,650,650,81.25,65,100.27775637731995,82.12451549659708,210.4965429014739,178.45525455001234,0.32384083523303564,0.27454654546155693,3,2,0.004615384615384616,0.003076923076923077,159.41089981097866,115.68907558493206,1.7147512244270233,2.038079615540898,4.795491546001772,6.593435923815104,ok,ok,ok,-32.04128835146156,-0.049294289771478705,-1,-0.001538461538461539,-43.72182422604661,0.3233283911138747,1.797944377813332
mp_spectral_results.rds,whole_filtered_chip,mp_spectral,FULL,FULL,hu6800,leukemias,PB/B-ALL,limma,m_Blood.normal,m_Bone.Marrow.B.cell.ALL,5,10,1449,1449,289.8,144.9,324.84702630186666,169.97488317728664,629.2396884531556,451.7770711351991,0.4342578940325411,0.31178541831276574,2,2,0.0013802622498274672,0.0013802622498274672,442.4896509391623,407.9522163347405,1.238174126115982,1.9449734244497947,3.1051395556507444,5.6372935840581935,ok,ok,ok,-177.46261731795653,-0.12247247571977538,0,0,-34.537434604421776,0.7067992983338127,2.532154028407449
mp_spectral_results.rds,whole_filtered_chip,mp_spectral,FULL,FULL,hu6800,leukemias,PB/T-ALL,limma,m_Blood.normal,m_Bone.Marrow.T.cell.ALL,5,9,994,994,198.8,110.44444444444444,227.9992907712233,132.4629548050237,474.7434513852294,300.4573036184208,0.4776091060213552,0.3022709291935813,2,2,0.002012072434607646,0.002012072434607646,329.66359255091817,257.9333232929239,1.1878667598353128,1.88400865921474,2.871851739308978,5.514982704922854,ok,ok,ok,-174.2861477668086,-0.17533817682777392,0,0,-71.73026925799428,0.6961418993794273,2.643130965613876
mp_spectral_results.rds,whole_filtered_chip,mp_spectral,FULL,FULL,hu6800,carcinomas,BLAD/TCC,variance_comparison,m_Bladder.normal,m_Bladder.bladder.transitional.cell.carcinoma,7,11,3000,3000,428.57142857142856,272.72727272727275,470.97536213196986,306.75618568106364,1089.2801304813227,814.0248596458254,0.36309337682710335,0.27134161988194033,3,4,0.001,0.0013333333333333333,943.3208845554697,974.7111254654467,1.5793121150212337,2.0019306237123597,4.187750476811064,6.008046310469277,ok,ok,ok,-275.2552708354973,-0.09175175694516302,1,3.3333333333333327e-4,31.390240909977024,0.42261850869112605,1.8202958336582133
mp_spectral_results.rds,whole_filtered_chip,mp_spectral,FULL,FULL,hu6800,carcinomas,BR/BRAD,variance_comparison,m_Breast.normal,m_Breast.breast.adenocarcinoma,5,11,3000,3000,600,272.72727272727275,649.9897948556635,306.75618568106364,1589.4820699434438,1341.4415053854855,0.5298273566478099,0.44714716846182334,2,2,6.666666666666666e-4,6.666666666666666e-4,1107.4197205979008,1196.3404019823995,1.1458982304207594,1.7892814371124728,2.666637425079772,4.00840069672527,ok,ok,ok,-248.0405645579583,-0.08268018818598655,0,0,88.92068138449872,0.6433832066917133,1.3417632716454984
mp_spectral_results.rds,whole_filtered_chip,mp_spectral,FULL,FULL,hu6800,carcinomas,COL/COADREAD,variance_comparison,m_Colon.normal,m_Colon.colorectal.adenocarcinoma,10,11,3000,3000,300,272.72727272727275,335.6410161513776,306.75618568106364,1501.9090952367887,1219.7945506473404,0.5006363650789238,0.40659818354911054,1,3,3.333333333333333e-4,0.001,1166.268079085411,1057.8716781604671,1.6806749006536699,1.9043693683006073,3.470485456371831,4.645207274475268,ok,ok,ok,-282.1145445894483,-0.0940381815298133,2,6.666666666666668e-4,-108.39640092494392,0.22369446764693746,1.1747218181034373
mp_spectral_results.rds,whole_filtered_chip,mp_spectral,FULL,FULL,hu6800,carcinomas,KID/RCC,variance_comparison,m_Kidney.normal,m_Kidney.renal.cell.carcinoma,12,9,3000,3000,250,333.3333333333333,282.6227766016838,370.8481705003444,1175.1755988519521,1016.5160366061091,0.3917251996173143,0.33883867886870095,3,3,0.001,0.001,1199.140399010611,938.9637829638962,1.9030608318218827,1.8317492006245795,4.646815634641668,5.082757481970974,ok,ok,ok,-158.65956224584306,-0.05288652074861333,0,0,-260.1766160467148,-0.07131163119730322,0.43594184732930596
mp_spectral_results.rds,whole_filtered_chip,mp_spectral,FULL,FULL,hu6800,carcinomas,LU/LUAD,variance_comparison,m_Lung.normal,m_Lung.lung.adenocarcinoma,5,11,3000,3000,600,272.72727272727275,649.9897948556635,306.75618568106364,1437.8725195522547,1372.013080903364,0.4792908398507469,0.45733769363444965,2,2,6.666666666666666e-4,6.666666666666666e-4,798.7444796959268,1192.03063288148,1.2481115793012623,1.7968885137430783,3.0721573740321655,3.944403915489701,ok,ok,ok,-65.85943864889077,-0.021953146216297237,0,0,393.2861531855532,0.5487769344418161,0.8722465414575353
mp_spectral_results.rds,whole_filtered_chip,mp_spectral,FULL,FULL,hu6800,carcinomas,OV/OVAD,variance_comparison,m_Ovary.normal,m_Ovary.ovarian.adenocarcinoma,4,10,3000,3000,NA,300,NA,335.6410161513776,NA,1560.6768305947508,NA,0.5202256101982464,NA,2,NA,6.666666666666666e-4,NA,1297.388290412961,NA,1.624652605024422,NA,3.2437268253634968,skipped_insufficient_samples,ok,normal_skipped,NA,NA,NA,NA,NA,NA,NA
mp_spectral_results.rds,whole_filtered_chip,mp_spectral,FULL,FULL,hu6800,carcinomas,PA/PAAD,variance_comparison,m_Pancreas.normal,m_Pancreas.pancreatic.adenocarcinoma,10,10,3000,3000,300,300,335.6410161513776,335.6410161513776,875.3659301964967,1613.070211950857,0.29178864339882987,0.537690070650281,3,2,0.001,6.666666666666666e-4,916.5238436740531,1298.2691302173807,1.9525446242197009,1.5757231015304443,5.832248573359955,3.077649922108952,ok,ok,ok,737.7042817543602,0.2459014272514511,-1,-3.333333333333334e-4,381.74528654332767,-0.3768215226892566,-2.754598651251003
mp_spectral_results.rds,whole_filtered_chip,mp_spectral,FULL,FULL,hu6800,carcinomas,PR/PRAD,variance_comparison,m_Prostate.normal,m_Prostate.prostate.adenocarcinoma,7,8,3000,3000,428.57142857142856,375,470.97536213196986,414.72983346207417,1322.5689225068893,1312.9937422485707,0.44085630750229154,0.43766458074952014,2,2,6.666666666666666e-4,6.666666666666666e-4,1010.0404069642898,1154.255044216674,1.538451013377389,1.568777877776089,3.7144424671609553,3.7039046885034907,ok,ok,ok,-9.575180258318596,-0.0031917267527714066,0,0,144.21463725238414,0.030326864398700026,-0.010537778657464525
mp_spectral_results.rds,whole_filtered_chip,mp_spectral,FULL,FULL,hu6800,carcinomas,UT/EAC,variance_comparison,m_Uterus.normal,m_Uterus.uterine.adenocarcinoma,6,10,3000,3000,500,300,545.7213595499959,335.6410161513776,1843.3119956268588,1242.320299260526,0.6144373318756122,0.41410676642017175,1,3,3.333333333333333e-4,0.001,1297.590636076863,1041.9123299387757,1.182578336703392,1.8159873954533199,2.391960666009352,4.402722111487907,ok,ok,ok,-600.9916963663327,-0.20033056545544048,2,6.666666666666668e-4,-255.67830613808724,0.6334090587499279,2.0107614454785545
mp_spectral_results.rds,whole_filtered_chip,mp_spectral,FULL,FULL,hu6800,blastomas,Brain/GBM,variance_comparison,m_Brain.normal,m_Brain.glioblastoma,8,10,3000,3000,375,300,414.72983346207417,335.6410161513776,824.403701625762,809.9847418959677,0.2748012338752526,0.2699949139653209,4,4,0.0013333333333333333,0.0013333333333333333,875.8968046060238,743.8074560030659,1.7499948843599022,2.022034236741247,5.162007081630784,6.464654203897743,ok,ok,ok,-14.418959729794324,-0.004806319909931744,0,0,-132.0893486029579,0.2720393523813449,1.3026471222669587
mp_spectral_results.rds,whole_filtered_chip,mp_spectral,FULL,FULL,hu6800,blastomas,Brain/MB,variance_comparison,m_Brain.normal,m_Brain.medulloblastoma,8,10,3000,3000,375,300,414.72983346207417,335.6410161513776,882.4129355245211,819.8656950402973,0.2941376451748387,0.2732885650134302,4,3,0.0013333333333333333,0.001,876.8114710948083,747.9234078472391,1.740541245642871,2.012141396353553,5.055319150595904,6.3921013703327345,ok,ok,ok,-62.547240484223835,-0.020849080161408517,-1,-3.3333333333333327e-4,-128.88806324756922,0.2716001507106818,1.3367822197368309
mp_spectral_results.rds,whole_filtered_chip,mp_spectral,FULL,FULL,hu6800,leukemias,PB/B-ALL,variance_comparison,m_Blood.normal,m_Bone.Marrow.B.cell.ALL,5,10,3000,3000,600,300,649.9897948556635,335.6410161513776,1397.0953031264921,975.466314660234,0.46569843437549435,0.3251554382200758,2,2,6.666666666666666e-4,6.666666666666666e-4,1095.9867366451804,1036.1490968891558,1.182751103475048,1.8767583038343918,2.870912135296276,5.104296702224041,ok,ok,ok,-421.6289884662581,-0.14054299615541854,0,0,-59.8376397560246,0.6940072003593438,2.233384566927765
mp_spectral_results.rds,whole_filtered_chip,mp_spectral,FULL,FULL,hu6800,leukemias,PB/T-ALL,variance_comparison,m_Blood.normal,m_Bone.Marrow.T.cell.ALL,5,9,3000,3000,600,333.3333333333333,649.9897948556635,370.8481705003444,1424.1760732060447,1221.492960377417,0.4747253577353444,0.40716432012580334,2,2,6.666666666666666e-4,6.666666666666666e-4,1099.5639713407286,1056.415613961889,1.178075977791322,1.7534276590189342,2.845591297285913,4.323751548223968,ok,ok,ok,-202.68311282862783,-0.06756103760954107,0,0,-43.14835737883959,0.5753516812276123,1.4781602509380551
mp_spectral_results.rds,whole_filtered_chip,mp_spectral,FULL,FULL,hu6800,carcinomas,BLAD/TCC,variance_global,m_Bladder.normal,m_Bladder.bladder.transitional.cell.carcinoma,7,11,3000,3000,428.57142857142856,272.72727272727275,470.97536213196986,306.75618568106364,1089.2801304813227,814.0248596458254,0.36309337682710335,0.27134161988194033,3,4,0.001,0.0013333333333333333,943.3208845554697,974.7111254654467,1.5793121150212337,2.0019306237123597,4.187750476811064,6.008046310469277,ok,ok,ok,-275.2552708354973,-0.09175175694516302,1,3.3333333333333327e-4,31.390240909977024,0.42261850869112605,1.8202958336582133
mp_spectral_results.rds,whole_filtered_chip,mp_spectral,FULL,FULL,hu6800,carcinomas,BR/BRAD,variance_global,m_Breast.normal,m_Breast.breast.adenocarcinoma,5,11,3000,3000,600,272.72727272727275,649.9897948556635,306.75618568106364,1589.4820699434438,1341.4415053854855,0.5298273566478099,0.44714716846182334,2,2,6.666666666666666e-4,6.666666666666666e-4,1107.4197205979008,1196.3404019823995,1.1458982304207594,1.7892814371124728,2.666637425079772,4.00840069672527,ok,ok,ok,-248.0405645579583,-0.08268018818598655,0,0,88.92068138449872,0.6433832066917133,1.3417632716454984
mp_spectral_results.rds,whole_filtered_chip,mp_spectral,FULL,FULL,hu6800,carcinomas,COL/COADREAD,variance_global,m_Colon.normal,m_Colon.colorectal.adenocarcinoma,10,11,3000,3000,300,272.72727272727275,335.6410161513776,306.75618568106364,1501.9090952367887,1219.7945506473404,0.5006363650789238,0.40659818354911054,1,3,3.333333333333333e-4,0.001,1166.268079085411,1057.8716781604671,1.6806749006536699,1.9043693683006073,3.470485456371831,4.645207274475268,ok,ok,ok,-282.1145445894483,-0.0940381815298133,2,6.666666666666668e-4,-108.39640092494392,0.22369446764693746,1.1747218181034373
mp_spectral_results.rds,whole_filtered_chip,mp_spectral,FULL,FULL,hu6800,carcinomas,KID/RCC,variance_global,m_Kidney.normal,m_Kidney.renal.cell.carcinoma,12,9,3000,3000,250,333.3333333333333,282.6227766016838,370.8481705003444,1175.1755988519521,1016.5160366061091,0.3917251996173143,0.33883867886870095,3,3,0.001,0.001,1199.140399010611,938.9637829638962,1.9030608318218827,1.8317492006245795,4.646815634641668,5.082757481970974,ok,ok,ok,-158.65956224584306,-0.05288652074861333,0,0,-260.1766160467148,-0.07131163119730322,0.43594184732930596
mp_spectral_results.rds,whole_filtered_chip,mp_spectral,FULL,FULL,hu6800,carcinomas,LU/LUAD,variance_global,m_Lung.normal,m_Lung.lung.adenocarcinoma,5,11,3000,3000,600,272.72727272727275,649.9897948556635,306.75618568106364,1437.8725195522547,1372.013080903364,0.4792908398507469,0.45733769363444965,2,2,6.666666666666666e-4,6.666666666666666e-4,798.7444796959268,1192.03063288148,1.2481115793012623,1.7968885137430783,3.0721573740321655,3.944403915489701,ok,ok,ok,-65.85943864889077,-0.021953146216297237,0,0,393.2861531855532,0.5487769344418161,0.8722465414575353
mp_spectral_results.rds,whole_filtered_chip,mp_spectral,FULL,FULL,hu6800,carcinomas,OV/OVAD,variance_global,m_Ovary.normal,m_Ovary.ovarian.adenocarcinoma,4,10,3000,3000,NA,300,NA,335.6410161513776,NA,1560.6768305947508,NA,0.5202256101982464,NA,2,NA,6.666666666666666e-4,NA,1297.388290412961,NA,1.624652605024422,NA,3.2437268253634968,skipped_insufficient_samples,ok,normal_skipped,NA,NA,NA,NA,NA,NA,NA
mp_spectral_results.rds,whole_filtered_chip,mp_spectral,FULL,FULL,hu6800,carcinomas,PA/PAAD,variance_global,m_Pancreas.normal,m_Pancreas.pancreatic.adenocarcinoma,10,10,3000,3000,300,300,335.6410161513776,335.6410161513776,875.3659301964967,1613.070211950857,0.29178864339882987,0.537690070650281,3,2,0.001,6.666666666666666e-4,916.5238436740531,1298.2691302173807,1.9525446242197009,1.5757231015304443,5.832248573359955,3.077649922108952,ok,ok,ok,737.7042817543602,0.2459014272514511,-1,-3.333333333333334e-4,381.74528654332767,-0.3768215226892566,-2.754598651251003
mp_spectral_results.rds,whole_filtered_chip,mp_spectral,FULL,FULL,hu6800,carcinomas,PR/PRAD,variance_global,m_Prostate.normal,m_Prostate.prostate.adenocarcinoma,7,8,3000,3000,428.57142857142856,375,470.97536213196986,414.72983346207417,1322.5689225068893,1312.9937422485707,0.44085630750229154,0.43766458074952014,2,2,6.666666666666666e-4,6.666666666666666e-4,1010.0404069642898,1154.255044216674,1.538451013377389,1.568777877776089,3.7144424671609553,3.7039046885034907,ok,ok,ok,-9.575180258318596,-0.0031917267527714066,0,0,144.21463725238414,0.030326864398700026,-0.010537778657464525
mp_spectral_results.rds,whole_filtered_chip,mp_spectral,FULL,FULL,hu6800,carcinomas,UT/EAC,variance_global,m_Uterus.normal,m_Uterus.uterine.adenocarcinoma,6,10,3000,3000,500,300,545.7213595499959,335.6410161513776,1843.3119956268588,1242.320299260526,0.6144373318756122,0.41410676642017175,1,3,3.333333333333333e-4,0.001,1297.590636076863,1041.9123299387757,1.182578336703392,1.8159873954533199,2.391960666009352,4.402722111487907,ok,ok,ok,-600.9916963663327,-0.20033056545544048,2,6.666666666666668e-4,-255.67830613808724,0.6334090587499279,2.0107614454785545
mp_spectral_results.rds,whole_filtered_chip,mp_spectral,FULL,FULL,hu6800,blastomas,Brain/GBM,variance_global,m_Brain.normal,m_Brain.glioblastoma,8,10,3000,3000,375,300,414.72983346207417,335.6410161513776,824.403701625762,809.9847418959677,0.2748012338752526,0.2699949139653209,4,4,0.0013333333333333333,0.0013333333333333333,875.8968046060238,743.8074560030659,1.7499948843599022,2.022034236741247,5.162007081630784,6.464654203897743,ok,ok,ok,-14.418959729794324,-0.004806319909931744,0,0,-132.0893486029579,0.2720393523813449,1.3026471222669587
mp_spectral_results.rds,whole_filtered_chip,mp_spectral,FULL,FULL,hu6800,blastomas,Brain/MB,variance_global,m_Brain.normal,m_Brain.medulloblastoma,8,10,3000,3000,375,300,414.72983346207417,335.6410161513776,882.4129355245211,819.8656950402973,0.2941376451748387,0.2732885650134302,4,3,0.0013333333333333333,0.001,876.8114710948083,747.9234078472391,1.740541245642871,2.012141396353553,5.055319150595904,6.3921013703327345,ok,ok,ok,-62.547240484223835,-0.020849080161408517,-1,-3.3333333333333327e-4,-128.88806324756922,0.2716001507106818,1.3367822197368309
mp_spectral_results.rds,whole_filtered_chip,mp_spectral,FULL,FULL,hu6800,leukemias,PB/B-ALL,variance_global,m_Blood.normal,m_Bone.Marrow.B.cell.ALL,5,10,3000,3000,600,300,649.9897948556635,335.6410161513776,1397.0953031264921,975.466314660234,0.46569843437549435,0.3251554382200758,2,2,6.666666666666666e-4,6.666666666666666e-4,1095.9867366451804,1036.1490968891558,1.182751103475048,1.8767583038343918,2.870912135296276,5.104296702224041,ok,ok,ok,-421.6289884662581,-0.14054299615541854,0,0,-59.8376397560246,0.6940072003593438,2.233384566927765
mp_spectral_results.rds,whole_filtered_chip,mp_spectral,FULL,FULL,hu6800,leukemias,PB/T-ALL,variance_global,m_Blood.normal,m_Bone.Marrow.T.cell.ALL,5,9,3000,3000,600,333.3333333333333,649.9897948556635,370.8481705003444,1424.1760732060447,1221.492960377417,0.4747253577353444,0.40716432012580334,2,2,6.666666666666666e-4,6.666666666666666e-4,1099.5639713407286,1056.415613961889,1.178075977791322,1.7534276590189342,2.845591297285913,4.323751548223968,ok,ok,ok,-202.68311282862783,-0.06756103760954107,0,0,-43.14835737883959,0.5753516812276123,1.4781602509380551
